--
-- PostgreSQL database dump
--

-- Dumped from database version 14.15 (Homebrew)
-- Dumped by pg_dump version 14.15 (Homebrew)

SET statement_timeout = 0;
SET lock_timeout = 0;
SET idle_in_transaction_session_timeout = 0;
SET client_encoding = 'UTF8';
SET standard_conforming_strings = on;
SELECT pg_catalog.set_config('search_path', '', false);
SET check_function_bodies = false;
SET xmloption = content;
SET client_min_messages = warning;
SET row_security = off;

--
-- Name: pg_trgm; Type: EXTENSION; Schema: -; Owner: -
--

CREATE EXTENSION IF NOT EXISTS pg_trgm WITH SCHEMA public;


--
-- Name: EXTENSION pg_trgm; Type: COMMENT; Schema: -; Owner: 
--

COMMENT ON EXTENSION pg_trgm IS 'text similarity measurement and index searching based on trigrams';


SET default_tablespace = '';

SET default_table_access_method = heap;

--
-- Name: auth_group; Type: TABLE; Schema: public; Owner: superuser
--

CREATE TABLE public.auth_group (
    id integer NOT NULL,
    name character varying(150) NOT NULL
);


ALTER TABLE public.auth_group OWNER TO superuser;

--
-- Name: auth_group_id_seq; Type: SEQUENCE; Schema: public; Owner: superuser
--

ALTER TABLE public.auth_group ALTER COLUMN id ADD GENERATED BY DEFAULT AS IDENTITY (
    SEQUENCE NAME public.auth_group_id_seq
    START WITH 1
    INCREMENT BY 1
    NO MINVALUE
    NO MAXVALUE
    CACHE 1
);


--
-- Name: auth_group_permissions; Type: TABLE; Schema: public; Owner: superuser
--

CREATE TABLE public.auth_group_permissions (
    id bigint NOT NULL,
    group_id integer NOT NULL,
    permission_id integer NOT NULL
);


ALTER TABLE public.auth_group_permissions OWNER TO superuser;

--
-- Name: auth_group_permissions_id_seq; Type: SEQUENCE; Schema: public; Owner: superuser
--

ALTER TABLE public.auth_group_permissions ALTER COLUMN id ADD GENERATED BY DEFAULT AS IDENTITY (
    SEQUENCE NAME public.auth_group_permissions_id_seq
    START WITH 1
    INCREMENT BY 1
    NO MINVALUE
    NO MAXVALUE
    CACHE 1
);


--
-- Name: auth_permission; Type: TABLE; Schema: public; Owner: superuser
--

CREATE TABLE public.auth_permission (
    id integer NOT NULL,
    name character varying(255) NOT NULL,
    content_type_id integer NOT NULL,
    codename character varying(100) NOT NULL
);


ALTER TABLE public.auth_permission OWNER TO superuser;

--
-- Name: auth_permission_id_seq; Type: SEQUENCE; Schema: public; Owner: superuser
--

ALTER TABLE public.auth_permission ALTER COLUMN id ADD GENERATED BY DEFAULT AS IDENTITY (
    SEQUENCE NAME public.auth_permission_id_seq
    START WITH 1
    INCREMENT BY 1
    NO MINVALUE
    NO MAXVALUE
    CACHE 1
);


--
-- Name: auth_user; Type: TABLE; Schema: public; Owner: superuser
--

CREATE TABLE public.auth_user (
    id integer NOT NULL,
    password character varying(128) NOT NULL,
    last_login timestamp with time zone,
    is_superuser boolean NOT NULL,
    username character varying(150) NOT NULL,
    first_name character varying(150) NOT NULL,
    last_name character varying(150) NOT NULL,
    email character varying(254) NOT NULL,
    is_staff boolean NOT NULL,
    is_active boolean NOT NULL,
    date_joined timestamp with time zone NOT NULL
);


ALTER TABLE public.auth_user OWNER TO superuser;

--
-- Name: auth_user_groups; Type: TABLE; Schema: public; Owner: superuser
--

CREATE TABLE public.auth_user_groups (
    id bigint NOT NULL,
    user_id integer NOT NULL,
    group_id integer NOT NULL
);


ALTER TABLE public.auth_user_groups OWNER TO superuser;

--
-- Name: auth_user_groups_id_seq; Type: SEQUENCE; Schema: public; Owner: superuser
--

ALTER TABLE public.auth_user_groups ALTER COLUMN id ADD GENERATED BY DEFAULT AS IDENTITY (
    SEQUENCE NAME public.auth_user_groups_id_seq
    START WITH 1
    INCREMENT BY 1
    NO MINVALUE
    NO MAXVALUE
    CACHE 1
);


--
-- Name: auth_user_id_seq; Type: SEQUENCE; Schema: public; Owner: superuser
--

ALTER TABLE public.auth_user ALTER COLUMN id ADD GENERATED BY DEFAULT AS IDENTITY (
    SEQUENCE NAME public.auth_user_id_seq
    START WITH 1
    INCREMENT BY 1
    NO MINVALUE
    NO MAXVALUE
    CACHE 1
);


--
-- Name: auth_user_user_permissions; Type: TABLE; Schema: public; Owner: superuser
--

CREATE TABLE public.auth_user_user_permissions (
    id bigint NOT NULL,
    user_id integer NOT NULL,
    permission_id integer NOT NULL
);


ALTER TABLE public.auth_user_user_permissions OWNER TO superuser;

--
-- Name: auth_user_user_permissions_id_seq; Type: SEQUENCE; Schema: public; Owner: superuser
--

ALTER TABLE public.auth_user_user_permissions ALTER COLUMN id ADD GENERATED BY DEFAULT AS IDENTITY (
    SEQUENCE NAME public.auth_user_user_permissions_id_seq
    START WITH 1
    INCREMENT BY 1
    NO MINVALUE
    NO MAXVALUE
    CACHE 1
);


--
-- Name: django_admin_log; Type: TABLE; Schema: public; Owner: superuser
--

CREATE TABLE public.django_admin_log (
    id integer NOT NULL,
    action_time timestamp with time zone NOT NULL,
    object_id text,
    object_repr character varying(200) NOT NULL,
    action_flag smallint NOT NULL,
    change_message text NOT NULL,
    content_type_id integer,
    user_id integer NOT NULL,
    CONSTRAINT django_admin_log_action_flag_check CHECK ((action_flag >= 0))
);


ALTER TABLE public.django_admin_log OWNER TO superuser;

--
-- Name: django_admin_log_id_seq; Type: SEQUENCE; Schema: public; Owner: superuser
--

ALTER TABLE public.django_admin_log ALTER COLUMN id ADD GENERATED BY DEFAULT AS IDENTITY (
    SEQUENCE NAME public.django_admin_log_id_seq
    START WITH 1
    INCREMENT BY 1
    NO MINVALUE
    NO MAXVALUE
    CACHE 1
);


--
-- Name: django_content_type; Type: TABLE; Schema: public; Owner: superuser
--

CREATE TABLE public.django_content_type (
    id integer NOT NULL,
    app_label character varying(100) NOT NULL,
    model character varying(100) NOT NULL
);


ALTER TABLE public.django_content_type OWNER TO superuser;

--
-- Name: django_content_type_id_seq; Type: SEQUENCE; Schema: public; Owner: superuser
--

ALTER TABLE public.django_content_type ALTER COLUMN id ADD GENERATED BY DEFAULT AS IDENTITY (
    SEQUENCE NAME public.django_content_type_id_seq
    START WITH 1
    INCREMENT BY 1
    NO MINVALUE
    NO MAXVALUE
    CACHE 1
);


--
-- Name: django_drf_filepond_storedupload; Type: TABLE; Schema: public; Owner: superuser
--

CREATE TABLE public.django_drf_filepond_storedupload (
    upload_id character varying(22) NOT NULL,
    file character varying(2048) NOT NULL,
    uploaded timestamp with time zone NOT NULL,
    stored timestamp with time zone NOT NULL,
    uploaded_by_id integer
);


ALTER TABLE public.django_drf_filepond_storedupload OWNER TO superuser;

--
-- Name: django_drf_filepond_temporaryupload; Type: TABLE; Schema: public; Owner: superuser
--

CREATE TABLE public.django_drf_filepond_temporaryupload (
    upload_id character varying(22) NOT NULL,
    file character varying(100) NOT NULL,
    upload_name character varying(512) NOT NULL,
    uploaded timestamp with time zone NOT NULL,
    upload_type character varying(1) NOT NULL,
    file_id character varying(22) NOT NULL,
    uploaded_by_id integer
);


ALTER TABLE public.django_drf_filepond_temporaryupload OWNER TO superuser;

--
-- Name: django_drf_filepond_temporaryuploadchunked; Type: TABLE; Schema: public; Owner: superuser
--

CREATE TABLE public.django_drf_filepond_temporaryuploadchunked (
    upload_id character varying(22) NOT NULL,
    file_id character varying(22) NOT NULL,
    upload_dir character varying(512) NOT NULL,
    last_chunk integer NOT NULL,
    total_size bigint NOT NULL,
    upload_name character varying(512) NOT NULL,
    upload_complete boolean NOT NULL,
    last_upload_time timestamp with time zone NOT NULL,
    uploaded_by_id integer,
    "offset" bigint NOT NULL
);


ALTER TABLE public.django_drf_filepond_temporaryuploadchunked OWNER TO superuser;

--
-- Name: django_migrations; Type: TABLE; Schema: public; Owner: superuser
--

CREATE TABLE public.django_migrations (
    id bigint NOT NULL,
    app character varying(255) NOT NULL,
    name character varying(255) NOT NULL,
    applied timestamp with time zone NOT NULL
);


ALTER TABLE public.django_migrations OWNER TO superuser;

--
-- Name: django_migrations_id_seq; Type: SEQUENCE; Schema: public; Owner: superuser
--

ALTER TABLE public.django_migrations ALTER COLUMN id ADD GENERATED BY DEFAULT AS IDENTITY (
    SEQUENCE NAME public.django_migrations_id_seq
    START WITH 1
    INCREMENT BY 1
    NO MINVALUE
    NO MAXVALUE
    CACHE 1
);


--
-- Name: django_session; Type: TABLE; Schema: public; Owner: superuser
--

CREATE TABLE public.django_session (
    session_key character varying(40) NOT NULL,
    session_data text NOT NULL,
    expire_date timestamp with time zone NOT NULL
);


ALTER TABLE public.django_session OWNER TO superuser;

--
-- Name: forum_comment; Type: TABLE; Schema: public; Owner: superuser
--

CREATE TABLE public.forum_comment (
    id bigint NOT NULL,
    content text NOT NULL,
    created_at timestamp with time zone NOT NULL,
    author_id integer NOT NULL,
    solution_id bigint NOT NULL,
    upvotes integer NOT NULL
);


ALTER TABLE public.forum_comment OWNER TO superuser;

--
-- Name: forum_comment_id_seq; Type: SEQUENCE; Schema: public; Owner: superuser
--

ALTER TABLE public.forum_comment ALTER COLUMN id ADD GENERATED BY DEFAULT AS IDENTITY (
    SEQUENCE NAME public.forum_comment_id_seq
    START WITH 1
    INCREMENT BY 1
    NO MINVALUE
    NO MAXVALUE
    CACHE 1
);


--
-- Name: forum_commentupvote; Type: TABLE; Schema: public; Owner: superuser
--

CREATE TABLE public.forum_commentupvote (
    id bigint NOT NULL,
    comment_id bigint NOT NULL,
    user_id integer NOT NULL
);


ALTER TABLE public.forum_commentupvote OWNER TO superuser;

--
-- Name: forum_commentupvote_id_seq; Type: SEQUENCE; Schema: public; Owner: superuser
--

ALTER TABLE public.forum_commentupvote ALTER COLUMN id ADD GENERATED BY DEFAULT AS IDENTITY (
    SEQUENCE NAME public.forum_commentupvote_id_seq
    START WITH 1
    INCREMENT BY 1
    NO MINVALUE
    NO MAXVALUE
    CACHE 1
);


--
-- Name: forum_course; Type: TABLE; Schema: public; Owner: superuser
--

CREATE TABLE public.forum_course (
    id bigint NOT NULL,
    code character varying(10) NOT NULL,
    name character varying(100) NOT NULL,
    description text NOT NULL,
    category character varying(100) NOT NULL
);


ALTER TABLE public.forum_course OWNER TO superuser;

--
-- Name: forum_course_id_seq; Type: SEQUENCE; Schema: public; Owner: superuser
--

ALTER TABLE public.forum_course ALTER COLUMN id ADD GENERATED BY DEFAULT AS IDENTITY (
    SEQUENCE NAME public.forum_course_id_seq
    START WITH 1
    INCREMENT BY 1
    NO MINVALUE
    NO MAXVALUE
    CACHE 1
);


--
-- Name: forum_file; Type: TABLE; Schema: public; Owner: superuser
--

CREATE TABLE public.forum_file (
    id bigint NOT NULL,
    file character varying(100) NOT NULL,
    created_at timestamp with time zone NOT NULL,
    post_id bigint,
    temporary boolean NOT NULL,
    upload_session character varying(100) NOT NULL
);


ALTER TABLE public.forum_file OWNER TO superuser;

--
-- Name: forum_file_id_seq; Type: SEQUENCE; Schema: public; Owner: superuser
--

ALTER TABLE public.forum_file ALTER COLUMN id ADD GENERATED BY DEFAULT AS IDENTITY (
    SEQUENCE NAME public.forum_file_id_seq
    START WITH 1
    INCREMENT BY 1
    NO MINVALUE
    NO MAXVALUE
    CACHE 1
);


--
-- Name: forum_notification; Type: TABLE; Schema: public; Owner: superuser
--

CREATE TABLE public.forum_notification (
    id bigint NOT NULL,
    notification_type character varying(20) NOT NULL,
    message text NOT NULL,
    created_at timestamp with time zone NOT NULL,
    is_read boolean NOT NULL,
    post_id bigint,
    recipient_id integer NOT NULL,
    sender_id integer NOT NULL,
    solution_id bigint
);


ALTER TABLE public.forum_notification OWNER TO superuser;

--
-- Name: forum_notification_id_seq; Type: SEQUENCE; Schema: public; Owner: superuser
--

ALTER TABLE public.forum_notification ALTER COLUMN id ADD GENERATED BY DEFAULT AS IDENTITY (
    SEQUENCE NAME public.forum_notification_id_seq
    START WITH 1
    INCREMENT BY 1
    NO MINVALUE
    NO MAXVALUE
    CACHE 1
);


--
-- Name: forum_post; Type: TABLE; Schema: public; Owner: superuser
--

CREATE TABLE public.forum_post (
    id bigint NOT NULL,
    title character varying(200) NOT NULL,
    content jsonb NOT NULL,
    created_at timestamp with time zone NOT NULL,
    author_id integer,
    search_vector tsvector
);


ALTER TABLE public.forum_post OWNER TO superuser;

--
-- Name: forum_post_courses; Type: TABLE; Schema: public; Owner: superuser
--

CREATE TABLE public.forum_post_courses (
    id bigint NOT NULL,
    post_id bigint NOT NULL,
    course_id bigint NOT NULL
);


ALTER TABLE public.forum_post_courses OWNER TO superuser;

--
-- Name: forum_post_courses_id_seq; Type: SEQUENCE; Schema: public; Owner: superuser
--

ALTER TABLE public.forum_post_courses ALTER COLUMN id ADD GENERATED BY DEFAULT AS IDENTITY (
    SEQUENCE NAME public.forum_post_courses_id_seq
    START WITH 1
    INCREMENT BY 1
    NO MINVALUE
    NO MAXVALUE
    CACHE 1
);


--
-- Name: forum_post_id_seq; Type: SEQUENCE; Schema: public; Owner: superuser
--

ALTER TABLE public.forum_post ALTER COLUMN id ADD GENERATED BY DEFAULT AS IDENTITY (
    SEQUENCE NAME public.forum_post_id_seq
    START WITH 1
    INCREMENT BY 1
    NO MINVALUE
    NO MAXVALUE
    CACHE 1
);


--
-- Name: forum_post_related_courses; Type: TABLE; Schema: public; Owner: superuser
--

CREATE TABLE public.forum_post_related_courses (
    id bigint NOT NULL,
    post_id bigint NOT NULL,
    course_id bigint NOT NULL
);


ALTER TABLE public.forum_post_related_courses OWNER TO superuser;

--
-- Name: forum_post_related_courses_id_seq; Type: SEQUENCE; Schema: public; Owner: superuser
--

ALTER TABLE public.forum_post_related_courses ALTER COLUMN id ADD GENERATED BY DEFAULT AS IDENTITY (
    SEQUENCE NAME public.forum_post_related_courses_id_seq
    START WITH 1
    INCREMENT BY 1
    NO MINVALUE
    NO MAXVALUE
    CACHE 1
);


--
-- Name: forum_post_tags; Type: TABLE; Schema: public; Owner: superuser
--

CREATE TABLE public.forum_post_tags (
    id bigint NOT NULL,
    post_id bigint NOT NULL,
    tag_id bigint NOT NULL
);


ALTER TABLE public.forum_post_tags OWNER TO superuser;

--
-- Name: forum_post_tags_id_seq; Type: SEQUENCE; Schema: public; Owner: superuser
--

ALTER TABLE public.forum_post_tags ALTER COLUMN id ADD GENERATED BY DEFAULT AS IDENTITY (
    SEQUENCE NAME public.forum_post_tags_id_seq
    START WITH 1
    INCREMENT BY 1
    NO MINVALUE
    NO MAXVALUE
    CACHE 1
);


--
-- Name: forum_savedpost; Type: TABLE; Schema: public; Owner: superuser
--

CREATE TABLE public.forum_savedpost (
    id bigint NOT NULL,
    saved_at timestamp with time zone NOT NULL,
    post_id bigint NOT NULL,
    user_id integer NOT NULL
);


ALTER TABLE public.forum_savedpost OWNER TO superuser;

--
-- Name: forum_savedpost_id_seq; Type: SEQUENCE; Schema: public; Owner: superuser
--

ALTER TABLE public.forum_savedpost ALTER COLUMN id ADD GENERATED BY DEFAULT AS IDENTITY (
    SEQUENCE NAME public.forum_savedpost_id_seq
    START WITH 1
    INCREMENT BY 1
    NO MINVALUE
    NO MAXVALUE
    CACHE 1
);


--
-- Name: forum_solution; Type: TABLE; Schema: public; Owner: superuser
--

CREATE TABLE public.forum_solution (
    id bigint NOT NULL,
    content text NOT NULL,
    created_at timestamp with time zone NOT NULL,
    author_id integer NOT NULL,
    post_id bigint NOT NULL,
    upvotes integer NOT NULL,
    downvotes integer NOT NULL
);


ALTER TABLE public.forum_solution OWNER TO superuser;

--
-- Name: forum_solution_id_seq; Type: SEQUENCE; Schema: public; Owner: superuser
--

ALTER TABLE public.forum_solution ALTER COLUMN id ADD GENERATED BY DEFAULT AS IDENTITY (
    SEQUENCE NAME public.forum_solution_id_seq
    START WITH 1
    INCREMENT BY 1
    NO MINVALUE
    NO MAXVALUE
    CACHE 1
);


--
-- Name: forum_solutiondownvote; Type: TABLE; Schema: public; Owner: superuser
--

CREATE TABLE public.forum_solutiondownvote (
    id bigint NOT NULL,
    solution_id bigint NOT NULL,
    user_id integer NOT NULL
);


ALTER TABLE public.forum_solutiondownvote OWNER TO superuser;

--
-- Name: forum_solutiondownvote_id_seq; Type: SEQUENCE; Schema: public; Owner: superuser
--

ALTER TABLE public.forum_solutiondownvote ALTER COLUMN id ADD GENERATED BY DEFAULT AS IDENTITY (
    SEQUENCE NAME public.forum_solutiondownvote_id_seq
    START WITH 1
    INCREMENT BY 1
    NO MINVALUE
    NO MAXVALUE
    CACHE 1
);


--
-- Name: forum_solutionupvote; Type: TABLE; Schema: public; Owner: superuser
--

CREATE TABLE public.forum_solutionupvote (
    id bigint NOT NULL,
    solution_id bigint NOT NULL,
    user_id integer NOT NULL
);


ALTER TABLE public.forum_solutionupvote OWNER TO superuser;

--
-- Name: forum_solutionupvote_id_seq; Type: SEQUENCE; Schema: public; Owner: superuser
--

ALTER TABLE public.forum_solutionupvote ALTER COLUMN id ADD GENERATED BY DEFAULT AS IDENTITY (
    SEQUENCE NAME public.forum_solutionupvote_id_seq
    START WITH 1
    INCREMENT BY 1
    NO MINVALUE
    NO MAXVALUE
    CACHE 1
);


--
-- Name: forum_tag; Type: TABLE; Schema: public; Owner: superuser
--

CREATE TABLE public.forum_tag (
    id bigint NOT NULL,
    name character varying(50) NOT NULL
);


ALTER TABLE public.forum_tag OWNER TO superuser;

--
-- Name: forum_tag_id_seq; Type: SEQUENCE; Schema: public; Owner: superuser
--

ALTER TABLE public.forum_tag ALTER COLUMN id ADD GENERATED BY DEFAULT AS IDENTITY (
    SEQUENCE NAME public.forum_tag_id_seq
    START WITH 1
    INCREMENT BY 1
    NO MINVALUE
    NO MAXVALUE
    CACHE 1
);


--
-- Name: forum_usercourseexperience; Type: TABLE; Schema: public; Owner: superuser
--

CREATE TABLE public.forum_usercourseexperience (
    id bigint NOT NULL,
    created_at timestamp with time zone NOT NULL,
    course_id bigint NOT NULL,
    user_id integer NOT NULL
);


ALTER TABLE public.forum_usercourseexperience OWNER TO superuser;

--
-- Name: forum_usercourseexperience_id_seq; Type: SEQUENCE; Schema: public; Owner: superuser
--

ALTER TABLE public.forum_usercourseexperience ALTER COLUMN id ADD GENERATED BY DEFAULT AS IDENTITY (
    SEQUENCE NAME public.forum_usercourseexperience_id_seq
    START WITH 1
    INCREMENT BY 1
    NO MINVALUE
    NO MAXVALUE
    CACHE 1
);


--
-- Name: forum_usercoursehelp; Type: TABLE; Schema: public; Owner: superuser
--

CREATE TABLE public.forum_usercoursehelp (
    id bigint NOT NULL,
    active boolean NOT NULL,
    created_at timestamp with time zone NOT NULL,
    course_id bigint NOT NULL,
    user_id integer NOT NULL
);


ALTER TABLE public.forum_usercoursehelp OWNER TO superuser;

--
-- Name: forum_usercoursehelp_id_seq; Type: SEQUENCE; Schema: public; Owner: superuser
--

ALTER TABLE public.forum_usercoursehelp ALTER COLUMN id ADD GENERATED BY DEFAULT AS IDENTITY (
    SEQUENCE NAME public.forum_usercoursehelp_id_seq
    START WITH 1
    INCREMENT BY 1
    NO MINVALUE
    NO MAXVALUE
    CACHE 1
);


--
-- Name: forum_userprofile; Type: TABLE; Schema: public; Owner: superuser
--

CREATE TABLE public.forum_userprofile (
    id bigint NOT NULL,
    bio text NOT NULL,
    points integer NOT NULL,
    is_moderator boolean NOT NULL,
    created_at timestamp with time zone NOT NULL,
    updated_at timestamp with time zone NOT NULL,
    user_id integer NOT NULL
);


ALTER TABLE public.forum_userprofile OWNER TO superuser;

--
-- Name: forum_userprofile_id_seq; Type: SEQUENCE; Schema: public; Owner: superuser
--

ALTER TABLE public.forum_userprofile ALTER COLUMN id ADD GENERATED BY DEFAULT AS IDENTITY (
    SEQUENCE NAME public.forum_userprofile_id_seq
    START WITH 1
    INCREMENT BY 1
    NO MINVALUE
    NO MAXVALUE
    CACHE 1
);


--
-- Data for Name: auth_group; Type: TABLE DATA; Schema: public; Owner: superuser
--

COPY public.auth_group (id, name) FROM stdin;
\.


--
-- Data for Name: auth_group_permissions; Type: TABLE DATA; Schema: public; Owner: superuser
--

COPY public.auth_group_permissions (id, group_id, permission_id) FROM stdin;
\.


--
-- Data for Name: auth_permission; Type: TABLE DATA; Schema: public; Owner: superuser
--

COPY public.auth_permission (id, name, content_type_id, codename) FROM stdin;
1	Can add log entry	1	add_logentry
2	Can change log entry	1	change_logentry
3	Can delete log entry	1	delete_logentry
4	Can view log entry	1	view_logentry
5	Can add permission	2	add_permission
6	Can change permission	2	change_permission
7	Can delete permission	2	delete_permission
8	Can view permission	2	view_permission
9	Can add group	3	add_group
10	Can change group	3	change_group
11	Can delete group	3	delete_group
12	Can view group	3	view_group
13	Can add user	4	add_user
14	Can change user	4	change_user
15	Can delete user	4	delete_user
16	Can view user	4	view_user
17	Can add content type	5	add_contenttype
18	Can change content type	5	change_contenttype
19	Can delete content type	5	delete_contenttype
20	Can view content type	5	view_contenttype
21	Can add session	6	add_session
22	Can change session	6	change_session
23	Can delete session	6	delete_session
24	Can view session	6	view_session
25	Can add post	7	add_post
26	Can change post	7	change_post
27	Can delete post	7	delete_post
28	Can view post	7	view_post
29	Can add comment	8	add_comment
30	Can change comment	8	change_comment
31	Can delete comment	8	delete_comment
32	Can view comment	8	view_comment
33	Can add solution	9	add_solution
34	Can change solution	9	change_solution
35	Can delete solution	9	delete_solution
36	Can view solution	9	view_solution
37	Can add solution upvote	10	add_solutionupvote
38	Can change solution upvote	10	change_solutionupvote
39	Can delete solution upvote	10	delete_solutionupvote
40	Can view solution upvote	10	view_solutionupvote
41	Can add comment upvote	11	add_commentupvote
42	Can change comment upvote	11	change_commentupvote
43	Can delete comment upvote	11	delete_commentupvote
44	Can view comment upvote	11	view_commentupvote
45	Can add tag	12	add_tag
46	Can change tag	12	change_tag
47	Can delete tag	12	delete_tag
48	Can view tag	12	view_tag
49	Can add file	13	add_file
50	Can change file	13	change_file
51	Can delete file	13	delete_file
52	Can view file	13	view_file
53	Can add temporary upload	14	add_temporaryupload
54	Can change temporary upload	14	change_temporaryupload
55	Can delete temporary upload	14	delete_temporaryupload
56	Can view temporary upload	14	view_temporaryupload
57	Can add stored upload	15	add_storedupload
58	Can change stored upload	15	change_storedupload
59	Can delete stored upload	15	delete_storedupload
60	Can view stored upload	15	view_storedupload
61	Can add temporary upload chunked	16	add_temporaryuploadchunked
62	Can change temporary upload chunked	16	change_temporaryuploadchunked
63	Can delete temporary upload chunked	16	delete_temporaryuploadchunked
64	Can view temporary upload chunked	16	view_temporaryuploadchunked
65	Can add user profile	17	add_userprofile
66	Can change user profile	17	change_userprofile
67	Can delete user profile	17	delete_userprofile
68	Can view user profile	17	view_userprofile
69	Can add saved post	18	add_savedpost
70	Can change saved post	18	change_savedpost
71	Can delete saved post	18	delete_savedpost
72	Can view saved post	18	view_savedpost
73	Can add solution downvote	19	add_solutiondownvote
74	Can change solution downvote	19	change_solutiondownvote
75	Can delete solution downvote	19	delete_solutiondownvote
76	Can view solution downvote	19	view_solutiondownvote
77	Can add course	20	add_course
78	Can change course	20	change_course
79	Can delete course	20	delete_course
80	Can view course	20	view_course
81	Can add user course help	21	add_usercoursehelp
82	Can change user course help	21	change_usercoursehelp
83	Can delete user course help	21	delete_usercoursehelp
84	Can view user course help	21	view_usercoursehelp
85	Can add user course experience	22	add_usercourseexperience
86	Can change user course experience	22	change_usercourseexperience
87	Can delete user course experience	22	delete_usercourseexperience
88	Can view user course experience	22	view_usercourseexperience
89	Can add notification	23	add_notification
90	Can change notification	23	change_notification
91	Can delete notification	23	delete_notification
92	Can view notification	23	view_notification
\.


--
-- Data for Name: auth_user; Type: TABLE DATA; Schema: public; Owner: superuser
--

COPY public.auth_user (id, password, last_login, is_superuser, username, first_name, last_name, email, is_staff, is_active, date_joined) FROM stdin;
1	pbkdf2_sha256$600000$9DLLMAPJN4kw7PFNLRjxzS$ckb+44Wjd3z1/72ClQF1J1fzatYxeeGrL60TQ1bVsjg=	2025-03-06 15:03:49.090374-08	t	a0014208			chunghugo99994@gmail.com	t	t	2024-12-27 16:24:02.010338-08
\.


--
-- Data for Name: auth_user_groups; Type: TABLE DATA; Schema: public; Owner: superuser
--

COPY public.auth_user_groups (id, user_id, group_id) FROM stdin;
\.


--
-- Data for Name: auth_user_user_permissions; Type: TABLE DATA; Schema: public; Owner: superuser
--

COPY public.auth_user_user_permissions (id, user_id, permission_id) FROM stdin;
\.


--
-- Data for Name: django_admin_log; Type: TABLE DATA; Schema: public; Owner: superuser
--

COPY public.django_admin_log (id, action_time, object_id, object_repr, action_flag, change_message, content_type_id, user_id) FROM stdin;
1	2024-12-30 12:25:10.532439-08	10	find bug	3		7	1
2	2024-12-30 12:25:10.537737-08	9	find bug	3		7	1
3	2024-12-30 12:25:10.539338-08	8	find bug	3		7	1
4	2024-12-30 12:25:10.540075-08	7	find bug	3		7	1
5	2024-12-30 12:25:10.540926-08	6	find bug	3		7	1
6	2024-12-30 12:25:10.541604-08	5	find bug	3		7	1
7	2025-01-02 14:42:19.301371-08	35	test 22	3		7	1
8	2025-01-02 14:42:19.308844-08	34	harold uscks	3		7	1
9	2025-01-02 14:42:19.309885-08	33	test21	3		7	1
10	2025-01-02 14:42:19.310663-08	32	test20	3		7	1
11	2025-01-02 14:42:19.311634-08	31	test 20	3		7	1
12	2025-01-02 14:42:19.312365-08	30	test19	3		7	1
13	2025-01-02 14:42:19.313072-08	29	test18	3		7	1
14	2025-01-02 14:42:19.313751-08	28	test17	3		7	1
15	2025-01-02 14:42:19.314295-08	27	test17	3		7	1
16	2025-01-02 14:42:19.314989-08	26	test16	3		7	1
17	2025-01-02 14:42:19.315633-08	25	test 14	3		7	1
18	2025-01-02 14:42:19.316854-08	24	test13	3		7	1
19	2025-01-02 14:42:19.31738-08	23	test12	3		7	1
20	2025-01-02 14:42:19.318027-08	22	test11	3		7	1
21	2025-01-02 14:42:19.319093-08	21	test9	3		7	1
22	2025-01-02 14:42:19.319833-08	20	test8	3		7	1
23	2025-01-02 14:42:19.320592-08	19	test7	3		7	1
24	2025-01-02 14:42:19.321245-08	18	test6	3		7	1
25	2025-01-02 14:42:19.322348-08	17	test5	3		7	1
26	2025-01-02 14:42:19.323179-08	16	test4	3		7	1
27	2025-01-02 14:42:19.324032-08	15	test3	3		7	1
28	2025-01-02 14:42:19.325282-08	14	test2	3		7	1
29	2025-01-02 14:42:19.326058-08	13	test	3		7	1
30	2025-01-02 14:42:19.327068-08	12	efef	3		7	1
31	2025-01-02 14:42:19.32798-08	11	Find bug	3		7	1
32	2025-01-03 14:42:58.923681-08	42	e	3		7	1
33	2025-01-03 14:42:58.931064-08	41	Find bug please	3		7	1
34	2025-01-03 14:42:58.93362-08	40	Find bug please	3		7	1
35	2025-01-03 14:42:58.935977-08	39	Find bug please	3		7	1
36	2025-01-03 14:42:58.938557-08	38	Find bug please	3		7	1
37	2025-01-03 14:42:58.940513-08	37	hm	3		7	1
38	2025-01-03 14:42:58.943456-08	36	Rate my performence	3		7	1
39	2025-01-03 14:42:58.945288-08	4	What is the difference between impulse and momentum	3		7	1
40	2025-01-03 14:42:58.946754-08	3	What are electrons?	3		7	1
41	2025-01-03 14:42:58.947944-08	2	If I have 3 oranges, and each apple has a mass of 5g, what is the radius of the sun?	3		7	1
42	2025-01-03 14:42:58.94931-08	1	If I have 3 apples, and each apple has a mass of 5g, what is the radius of the sun?	3		7	1
43	2025-03-02 21:13:02.329401-08	80	a+b test	3		7	1
44	2025-03-02 21:13:02.335757-08	79	wef ew	3		7	1
45	2025-03-02 21:13:02.337451-08	78	test 23	3		7	1
46	2025-03-02 21:13:02.339422-08	77	test	3		7	1
47	2025-03-02 21:13:02.341125-08	76	wef	3		7	1
48	2025-03-02 21:13:02.34245-08	75	test 23	3		7	1
49	2025-03-02 21:13:02.343282-08	74	Test	3		7	1
50	2025-03-02 21:13:02.344378-08	73	Combinatorics	3		7	1
51	2025-03-02 21:13:02.346804-08	72	Combinatorics	3		7	1
52	2025-03-02 21:13:02.348121-08	71	be	3		7	1
53	2025-03-02 21:13:02.349096-08	70	e	3		7	1
54	2025-03-02 21:13:02.350304-08	69	test	3		7	1
55	2025-03-02 21:13:02.351491-08	68	ef	3		7	1
56	2025-03-02 21:13:02.352608-08	67	ef	3		7	1
57	2025-03-02 21:13:02.353891-08	66	test	3		7	1
58	2025-03-02 21:13:02.355478-08	65	k	3		7	1
59	2025-03-02 21:13:02.357427-08	64	editorjs-html code test	3		7	1
60	2025-03-02 21:13:02.358935-08	63	editorjs-html code test	3		7	1
61	2025-03-02 21:13:02.360106-08	62	editorjs-html image test	3		7	1
62	2025-03-02 21:13:02.361077-08	61	editorjs-html test w code	3		7	1
63	2025-03-02 21:13:02.36193-08	60	html-js test w/o code	3		7	1
64	2025-03-02 21:13:02.362832-08	59	editorjs-html image test	3		7	1
65	2025-03-02 21:13:02.363783-08	58	editorjs-html latex test.	3		7	1
66	2025-03-02 21:13:02.364512-08	57	editorjs-html latex test	3		7	1
67	2025-03-02 21:13:02.365702-08	56	editorjs-html test	3		7	1
68	2025-03-02 21:13:02.367237-08	55	test	3		7	1
69	2025-03-02 21:13:02.368515-08	54	e	3		7	1
70	2025-03-02 21:13:02.369602-08	53	e	3		7	1
71	2025-03-02 21:13:02.370786-08	52	6	3		7	1
72	2025-03-02 21:13:02.371773-08	51	6	3		7	1
73	2025-03-02 21:13:02.372622-08	50	6	3		7	1
74	2025-03-02 21:13:02.373473-08	49	e	3		7	1
75	2025-03-02 21:13:02.374318-08	48	e	3		7	1
76	2025-03-02 21:13:02.3753-08	47	How are kinematic equations derived?	3		7	1
77	2025-03-02 21:13:02.376366-08	46	How are the kinematic formulas derived	3		7	1
78	2025-03-02 21:13:02.377462-08	45	test saving	3		7	1
79	2025-03-02 21:13:02.378661-08	44	Test	3		7	1
80	2025-03-02 21:13:02.379728-08	43	How to subtract vectors?	3		7	1
81	2025-03-02 21:13:12.928041-08	28	uploads/image.png	3		13	1
82	2025-03-02 21:13:12.929498-08	27	uploads/SCR-20250106-kepa_Hz7p5WY.png	3		13	1
83	2025-03-02 21:13:12.930458-08	26	uploads/SCR-20250105-spqr_8Y3H2tw.png	3		13	1
84	2025-03-02 21:13:12.931422-08	25	uploads/SCR-20250105-spqr_eHRiiLx.png	3		13	1
85	2025-03-02 21:13:12.932479-08	24	uploads/SCR-20250105-spqr.png	3		13	1
86	2025-03-03 17:51:14.867331-08	1	Physics11 - Physics 11	1	[{"added": {}}]	20	1
87	2025-03-06 09:39:45.097338-08	1	PH11 - Physics 11	2	[{"changed": {"fields": ["Code", "Category"]}}]	20	1
88	2025-03-06 09:40:35.648754-08	2	APCAL12A - AP Calculus BC	1	[{"added": {}}]	20	1
89	2025-03-06 09:40:39.886175-08	2	APCAL12A - AP Calculus BC	2	[]	20	1
\.


--
-- Data for Name: django_content_type; Type: TABLE DATA; Schema: public; Owner: superuser
--

COPY public.django_content_type (id, app_label, model) FROM stdin;
1	admin	logentry
2	auth	permission
3	auth	group
4	auth	user
5	contenttypes	contenttype
6	sessions	session
7	forum	post
8	forum	comment
9	forum	solution
10	forum	solutionupvote
11	forum	commentupvote
12	forum	tag
13	forum	file
14	django_drf_filepond	temporaryupload
15	django_drf_filepond	storedupload
16	django_drf_filepond	temporaryuploadchunked
17	forum	userprofile
18	forum	savedpost
19	forum	solutiondownvote
20	forum	course
21	forum	usercoursehelp
22	forum	usercourseexperience
23	forum	notification
\.


--
-- Data for Name: django_drf_filepond_storedupload; Type: TABLE DATA; Schema: public; Owner: superuser
--

COPY public.django_drf_filepond_storedupload (upload_id, file, uploaded, stored, uploaded_by_id) FROM stdin;
\.


--
-- Data for Name: django_drf_filepond_temporaryupload; Type: TABLE DATA; Schema: public; Owner: superuser
--

COPY public.django_drf_filepond_temporaryupload (upload_id, file, upload_name, uploaded, upload_type, file_id, uploaded_by_id) FROM stdin;
\.


--
-- Data for Name: django_drf_filepond_temporaryuploadchunked; Type: TABLE DATA; Schema: public; Owner: superuser
--

COPY public.django_drf_filepond_temporaryuploadchunked (upload_id, file_id, upload_dir, last_chunk, total_size, upload_name, upload_complete, last_upload_time, uploaded_by_id, "offset") FROM stdin;
\.


--
-- Data for Name: django_migrations; Type: TABLE DATA; Schema: public; Owner: superuser
--

COPY public.django_migrations (id, app, name, applied) FROM stdin;
1	contenttypes	0001_initial	2024-12-27 16:22:01.415542-08
2	auth	0001_initial	2024-12-27 16:22:01.478562-08
3	admin	0001_initial	2024-12-27 16:22:01.492877-08
4	admin	0002_logentry_remove_auto_add	2024-12-27 16:22:01.499277-08
5	admin	0003_logentry_add_action_flag_choices	2024-12-27 16:22:01.505497-08
6	contenttypes	0002_remove_content_type_name	2024-12-27 16:22:01.517375-08
7	auth	0002_alter_permission_name_max_length	2024-12-27 16:22:01.52334-08
8	auth	0003_alter_user_email_max_length	2024-12-27 16:22:01.530338-08
9	auth	0004_alter_user_username_opts	2024-12-27 16:22:01.536636-08
10	auth	0005_alter_user_last_login_null	2024-12-27 16:22:01.543482-08
11	auth	0006_require_contenttypes_0002	2024-12-27 16:22:01.545627-08
12	auth	0007_alter_validators_add_error_messages	2024-12-27 16:22:01.552985-08
13	auth	0008_alter_user_username_max_length	2024-12-27 16:22:01.564757-08
14	auth	0009_alter_user_last_name_max_length	2024-12-27 16:22:01.571728-08
15	auth	0010_alter_group_name_max_length	2024-12-27 16:22:01.580351-08
16	auth	0011_update_proxy_permissions	2024-12-27 16:22:01.587789-08
17	auth	0012_alter_user_first_name_max_length	2024-12-27 16:22:01.595952-08
18	forum	0001_initial	2024-12-27 16:22:01.605325-08
19	forum	0002_post_author	2024-12-27 16:22:01.616942-08
20	forum	0003_comment	2024-12-27 16:22:01.637633-08
21	forum	0004_remove_comment_post_solution_comment_solution	2024-12-27 16:22:01.688064-08
22	forum	0005_comment_upvotes_solution_upvotes_solutionupvote_and_more	2024-12-27 16:22:01.738005-08
23	forum	0006_tag	2024-12-27 16:22:01.747495-08
24	forum	0007_post_search_vector_post_tags	2024-12-27 16:22:01.774236-08
25	forum	0008_remove_post_search_vector	2024-12-27 16:22:01.784692-08
26	sessions	0001_initial	2024-12-27 16:22:01.798319-08
27	forum	0009_post_search_vector	2024-12-27 16:28:46.580349-08
28	forum	0010_file	2024-12-30 11:52:55.811503-08
29	django_drf_filepond	0001_initial	2024-12-30 16:54:30.638379-08
30	django_drf_filepond	0002_add_upload_dir	2024-12-30 16:54:30.65674-08
31	django_drf_filepond	0003_add_storedupload	2024-12-30 16:54:30.667784-08
32	django_drf_filepond	0004_tempupload_mods	2024-12-30 16:54:30.677871-08
33	django_drf_filepond	0005_add_uploaded_by	2024-12-30 16:54:30.708281-08
34	django_drf_filepond	0006_permupload_mods	2024-12-30 16:54:30.726621-08
35	django_drf_filepond	0007_altered_stored_upload_file	2024-12-30 16:54:30.735711-08
36	django_drf_filepond	0008_temporaryuploadchunked	2024-12-30 16:54:30.759555-08
37	django_drf_filepond	0009_temporaryuploadchunked_offset_utime	2024-12-30 16:54:30.780088-08
38	django_drf_filepond	0010_temp_chunked_biginteger	2024-12-30 16:54:30.813419-08
39	forum	0011_rename_uploaded_at_file_created_at_file_temporary_and_more	2024-12-31 14:00:35.591804-08
40	forum	0012_post_files	2024-12-31 14:09:27.276995-08
41	forum	0013_remove_post_files_alter_file_post	2024-12-31 14:14:56.202457-08
42	forum	0014_userprofile	2025-01-03 15:36:01.862771-08
43	forum	0015_savedpost	2025-01-07 13:14:21.518718-08
44	forum	0016_solution_downvotes	2025-01-08 22:22:41.13922-08
45	forum	0017_solutiondownvote	2025-01-08 22:30:44.398482-08
46	forum	0018_alter_post_content	2025-03-02 21:14:48.292426-08
47	forum	0019_course_usercoursehelp_usercourseexperience	2025-03-02 21:22:30.074917-08
48	forum	0020_course_category	2025-03-03 18:16:12.651844-08
49	forum	0021_post_related_courses	2025-03-04 08:40:44.080143-08
50	forum	0021_post_courses	2025-03-05 16:47:27.906578-08
51	forum	0022_notification	2025-03-06 22:03:13.84422-08
\.


--
-- Data for Name: django_session; Type: TABLE DATA; Schema: public; Owner: superuser
--

COPY public.django_session (session_key, session_data, expire_date) FROM stdin;
w9bdcfjyssrbt9esonxzuvgjkrj1w67s	.eJxVjDsOwjAQBe_iGln-JPGGkp4zWOvdNQ4gR4qTCnF3iJQC2jcz76UibmuJW5MlTqzOyqrT75aQHlJ3wHest1nTXNdlSnpX9EGbvs4sz8vh_h0UbOVbByMmZ-o9Qhids9R534HzifKQjSUXAPMIzEFIhNhicOBooBTE9wDq_QHlbzg_:1tRKdB:omOEIYgkVOAfnytZ5pBsLPZP8ob4lTS477I3NHnfYGc	2025-01-10 16:24:37.950349-08
l5ysnmfmtvzhh94ffkpnqvwlrw343s77	.eJxVjDsOwjAQBe_iGln-JPGGkp4zWOvdNQ4gR4qTCnF3iJQC2jcz76UibmuJW5MlTqzOyqrT75aQHlJ3wHest1nTXNdlSnpX9EGbvs4sz8vh_h0UbOVbByMmZ-o9Qhids9R534HzifKQjSUXAPMIzEFIhNhicOBooBTE9wDq_QHlbzg_:1tRf0B:gAgbRcmo85Gp7vc7eFuALTtwoKfew1gLElrtpnRB6Vo	2025-01-11 14:09:43.585861-08
ox90vz6asf0g79upwtekhl9slpsbkvby	.eJxVjDsOwjAQBe_iGln-JPGGkp4zWOvdNQ4gR4qTCnF3iJQC2jcz76UibmuJW5MlTqzOyqrT75aQHlJ3wHest1nTXNdlSnpX9EGbvs4sz8vh_h0UbOVbByMmZ-o9Qhids9R534HzifKQjSUXAPMIzEFIhNhicOBooBTE9wDq_QHlbzg_:1tWi3r:f8fI4P26qPT8g3XmS8zuoqWegYbVerxUd-7egfXYfYo	2025-01-25 12:26:23.947898-08
gsxvusmrn2pk90zmz3c7z9rfzg1z8yz4	.eJxVjDsOwjAQBe_iGln-JPGGkp4zWOvdNQ4gR4qTCnF3iJQC2jcz76UibmuJW5MlTqzOyqrT75aQHlJ3wHest1nTXNdlSnpX9EGbvs4sz8vh_h0UbOVbByMmZ-o9Qhids9R534HzifKQjSUXAPMIzEFIhNhicOBooBTE9wDq_QHlbzg_:1tbwBA:71ZttW4o5btp6CQ7TYVXkKogUVGlb5niyLVv8JuBXYU	2025-02-08 22:31:32.999928-08
vxjke0enaq8pn20qq2ubad5ogykitfrx	.eJxVjDsOwjAQBe_iGln-JPGGkp4zWOvdNQ4gR4qTCnF3iJQC2jcz76UibmuJW5MlTqzOyqrT75aQHlJ3wHest1nTXNdlSnpX9EGbvs4sz8vh_h0UbOVbByMmZ-o9Qhids9R534HzifKQjSUXAPMIzEFIhNhicOBooBTE9wDq_QHlbzg_:1tefUR:MN9QBnsrATkVXmEkWruBJpf1WXk5CFORU2_Fd7RfLC4	2025-02-16 11:18:43.436532-08
bviumnmar44xm721rxx2sj2npn36i2u1	.eJxVjDsOwjAQBe_iGln-JPGGkp4zWOvdNQ4gR4qTCnF3iJQC2jcz76UibmuJW5MlTqzOyqrT75aQHlJ3wHest1nTXNdlSnpX9EGbvs4sz8vh_h0UbOVbByMmZ-o9Qhids9R534HzifKQjSUXAPMIzEFIhNhicOBooBTE9wDq_QHlbzg_:1thKBJ:tjIyPhexougJd_8zl-AY1suacCCQTjw-nI3acRtmQkc	2025-02-23 19:09:57.192119-08
4m08rf0df9tt8iqoevm9timeb8qnq67j	.eJxVjDsOwjAQBe_iGln-JPGGkp4zWOvdNQ4gR4qTCnF3iJQC2jcz76UibmuJW5MlTqzOyqrT75aQHlJ3wHest1nTXNdlSnpX9EGbvs4sz8vh_h0UbOVbByMmZ-o9Qhids9R534HzifKQjSUXAPMIzEFIhNhicOBooBTE9wDq_QHlbzg_:1tmbL6:Ue3SJeNDz2EIWUyjF7D1zaHHzWzt4HNPDr3pYLfBF-4	2025-03-10 09:29:52.48925-07
67mvrjj5fz3oxc40rdx5np87fi70h3p3	.eJxVjDsOwjAQBe_iGln-JPGGkp4zWOvdNQ4gR4qTCnF3iJQC2jcz76UibmuJW5MlTqzOyqrT75aQHlJ3wHest1nTXNdlSnpX9EGbvs4sz8vh_h0UbOVbByMmZ-o9Qhids9R534HzifKQjSUXAPMIzEFIhNhicOBooBTE9wDq_QHlbzg_:1tqKFp:sWmrsMat8sjULai7xdgW6F4sh7YBRGDu7soaW0AkY7w	2025-03-20 16:03:49.098084-07
\.


--
-- Data for Name: forum_comment; Type: TABLE DATA; Schema: public; Owner: superuser
--

COPY public.forum_comment (id, content, created_at, author_id, solution_id, upvotes) FROM stdin;
\.


--
-- Data for Name: forum_commentupvote; Type: TABLE DATA; Schema: public; Owner: superuser
--

COPY public.forum_commentupvote (id, comment_id, user_id) FROM stdin;
\.


--
-- Data for Name: forum_course; Type: TABLE DATA; Schema: public; Owner: superuser
--

COPY public.forum_course (id, code, name, description, category) FROM stdin;
1	PH11	Physics 11		Physics
2	APCAL12A	AP Calculus BC		Math
\.


--
-- Data for Name: forum_file; Type: TABLE DATA; Schema: public; Owner: superuser
--

COPY public.forum_file (id, file, created_at, post_id, temporary, upload_session) FROM stdin;
\.


--
-- Data for Name: forum_notification; Type: TABLE DATA; Schema: public; Owner: superuser
--

COPY public.forum_notification (id, notification_type, message, created_at, is_read, post_id, recipient_id, sender_id, solution_id) FROM stdin;
1	post	New post in Physics 11: test	2025-03-06 22:10:15.492469-08	t	126	1	1	\N
2	solution	New solution to your post: test	2025-03-07 21:45:12.918783-08	t	126	1	1	28
\.


--
-- Data for Name: forum_post; Type: TABLE DATA; Schema: public; Owner: superuser
--

COPY public.forum_post (id, title, content, created_at, author_id, search_vector) FROM stdin;
81	hi	{"time": 1741022006314, "blocks": [{"id": "30_0Md4E_Z", "data": {"text": "<span class=\\"inline-math\\" data-tex=\\"wef \\" style=\\"margin-left: 5px; margin-right: 5px;\\"></span><br>"}, "type": "paragraph"}], "version": "2.31.0-rc.7"}	2025-03-03 09:13:29.287453-08	1	'0md4e':7B '1741022006314':3B '2.31.0':32B '30':6B '5px':24B,28B 'block':4B 'class':12B 'data':9B,17B 'data-tex':16B 'hi':1A 'id':5B 'inlin':14B 'inline-math':13B 'left':23B 'margin':22B,26B 'margin-left':21B 'margin-right':25B 'math':15B 'paragraph':30B 'rc.7':33B 'right':27B 'span':11B 'style':20B 'tex':18B 'text':10B 'time':2B 'type':29B 'version':31B 'wef':19B 'z':8B
82	Hi	{"time": 1741055435127, "blocks": [{"id": "6bO3YoXt4s", "data": {"text": "Hi"}, "type": "paragraph"}], "version": "2.31.0-rc.7"}	2025-03-03 18:30:40.424336-08	1	'1741055435127':3B '2.31.0':13B '6bo3yoxt4s':6B 'block':4B 'data':7B 'hi':1A,9B 'id':5B 'paragraph':11B 'rc.7':14B 'text':8B 'time':2B 'type':10B 'version':12B
83	What is the standard model?	{"time": 1741105966980, "blocks": [{"id": "YIofhSsuZV", "data": {"text": "<span class=\\"inline-math\\" data-tex=\\"SM=-\\\\frac12\\" style=\\"margin-left: 5px; margin-right: 5px;\\"></span>"}, "type": "paragraph"}], "version": "2.31.0-rc.7"}	2025-03-04 08:32:59.309505-08	1	'1741105966980':7B '2.31.0':35B '5px':27B,31B 'block':8B 'class':14B 'data':11B,19B 'data-tex':18B 'frac12':22B 'id':9B 'inlin':16B 'inline-math':15B 'left':26B 'margin':25B,29B 'margin-left':24B 'margin-right':28B 'math':17B 'model':5A 'paragraph':33B 'rc.7':36B 'right':30B 'sm':21B 'span':13B 'standard':4A 'style':23B 'tex':20B 'text':12B 'time':6B 'type':32B 'version':34B 'yiofhssuzv':10B
84	Test 1	{"time": 1741106486288, "blocks": [{"id": "PVux05ACsZ", "data": {"text": "Test 1"}, "type": "paragraph"}], "version": "2.31.0-rc.7"}	2025-03-04 08:41:29.380883-08	1	'1':2A,11B '1741106486288':4B '2.31.0':15B 'block':5B 'data':8B 'id':6B 'paragraph':13B 'pvux05acsz':7B 'rc.7':16B 'test':1A,10B 'text':9B 'time':3B 'type':12B 'version':14B
85	test 2	{"time": 1741106956530, "blocks": [{"id": "teWc07PQA2", "data": {"text": "test 2"}, "type": "paragraph"}], "version": "2.31.0-rc.7"}	2025-03-04 08:49:18.496805-08	1	'1741106956530':4B '2':2A,11B '2.31.0':15B 'block':5B 'data':8B 'id':6B 'paragraph':13B 'rc.7':16B 'test':1A,10B 'tewc07pqa2':7B 'text':9B 'time':3B 'type':12B 'version':14B
86	test 3	{"time": 1741107039698, "blocks": [{"id": "wxeXWdy7pK", "data": {"text": "test 3"}, "type": "paragraph"}], "version": "2.31.0-rc.7"}	2025-03-04 08:50:43.505137-08	1	'1741107039698':4B '2.31.0':15B '3':2A,11B 'block':5B 'data':8B 'id':6B 'paragraph':13B 'rc.7':16B 'test':1A,10B 'text':9B 'time':3B 'type':12B 'version':14B 'wxexwdy7pk':7B
87	test 4	{"time": 1741107073108, "blocks": [{"id": "R8M4GqkSwW", "data": {"text": "tests 4"}, "type": "paragraph"}], "version": "2.31.0-rc.7"}	2025-03-04 08:51:14.853397-08	1	'1741107073108':4B '2.31.0':15B '4':2A,11B 'block':5B 'data':8B 'id':6B 'paragraph':13B 'r8m4gqksww':7B 'rc.7':16B 'test':1A,10B 'text':9B 'time':3B 'type':12B 'version':14B
88	test 5	{"time": 1741107368466, "blocks": [{"id": "dhFfwBulum", "data": {"text": "test 5"}, "type": "paragraph"}], "version": "2.31.0-rc.7"}	2025-03-04 08:56:11.134911-08	1	'1741107368466':4B '2.31.0':15B '5':2A,11B 'block':5B 'data':8B 'dhffwbulum':7B 'id':6B 'paragraph':13B 'rc.7':16B 'test':1A,10B 'text':9B 'time':3B 'type':12B 'version':14B
89	hi	{"time": 1741221876226, "blocks": [{"id": "BF2ZjrRaxj", "data": {"text": "hi"}, "type": "paragraph"}], "version": "2.31.0-rc.7"}	2025-03-05 16:44:39.124579-08	1	'1741221876226':3B '2.31.0':13B 'bf2zjrraxj':6B 'block':4B 'data':7B 'hi':1A,9B 'id':5B 'paragraph':11B 'rc.7':14B 'text':8B 'time':2B 'type':10B 'version':12B
90	test 2	{"time": 1741222170815, "blocks": [{"id": "WEb8bBfySr", "data": {"text": "test 2"}, "type": "paragraph"}], "version": "2.31.0-rc.7"}	2025-03-05 16:49:34.195758-08	1	'1741222170815':4B '2':2A,11B '2.31.0':15B 'block':5B 'data':8B 'id':6B 'paragraph':13B 'rc.7':16B 'test':1A,10B 'text':9B 'time':3B 'type':12B 'version':14B 'web8bbfysr':7B
91	test 3	{"time": 1741222296424, "blocks": [{"id": "u61wKtxGD0", "data": {"text": "test 3"}, "type": "paragraph"}], "version": "2.31.0-rc.7"}	2025-03-05 16:51:38.457777-08	1	'1741222296424':4B '2.31.0':15B '3':2A,11B 'block':5B 'data':8B 'id':6B 'paragraph':13B 'rc.7':16B 'test':1A,10B 'text':9B 'time':3B 'type':12B 'u61wktxgd0':7B 'version':14B
92	test 4	{"time": 1741222350423, "blocks": [{"id": "cpOHI1XG9s", "data": {"text": "test 4"}, "type": "paragraph"}], "version": "2.31.0-rc.7"}	2025-03-05 16:52:35.154855-08	1	'1741222350423':4B '2.31.0':15B '4':2A,11B 'block':5B 'cpohi1xg9s':7B 'data':8B 'id':6B 'paragraph':13B 'rc.7':16B 'test':1A,10B 'text':9B 'time':3B 'type':12B 'version':14B
93	test 4	{"time": 1741222739884, "blocks": [{"id": "LX2JayfqK6", "data": {"text": "test 4"}, "type": "paragraph"}], "version": "2.31.0-rc.7"}	2025-03-05 16:59:03.633772-08	1	'1741222739884':4B '2.31.0':15B '4':2A,11B 'block':5B 'data':8B 'id':6B 'lx2jayfqk6':7B 'paragraph':13B 'rc.7':16B 'test':1A,10B 'text':9B 'time':3B 'type':12B 'version':14B
94	test 5	{"time": 1741222949135, "blocks": [{"id": "1JL8UfTJ9-", "data": {"text": "test 5"}, "type": "paragraph"}], "version": "2.31.0-rc.7"}	2025-03-05 17:02:31.089057-08	1	'1741222949135':4B '1jl8uftj9':7B '2.31.0':15B '5':2A,11B 'block':5B 'data':8B 'id':6B 'paragraph':13B 'rc.7':16B 'test':1A,10B 'text':9B 'time':3B 'type':12B 'version':14B
95	test 6	{"time": 1741222995828, "blocks": [{"id": "UKBTywOSLb", "data": {"text": "test 5"}, "type": "paragraph"}], "version": "2.31.0-rc.7"}	2025-03-05 17:03:17.355568-08	1	'1741222995828':4B '2.31.0':15B '5':11B '6':2A 'block':5B 'data':8B 'id':6B 'paragraph':13B 'rc.7':16B 'test':1A,10B 'text':9B 'time':3B 'type':12B 'ukbtywoslb':7B 'version':14B
96	test 7	{"time": 1741223387712, "blocks": [{"id": "nDbkVRDZUu", "data": {"text": "test 7"}, "type": "paragraph"}], "version": "2.31.0-rc.7"}	2025-03-05 17:09:51.058628-08	1	'1741223387712':4B '2.31.0':15B '7':2A,11B 'block':5B 'data':8B 'id':6B 'ndbkvrdzuu':7B 'paragraph':13B 'rc.7':16B 'test':1A,10B 'text':9B 'time':3B 'type':12B 'version':14B
97	test 8	{"time": 1741223516217, "blocks": [{"id": "rHf3W5q_lq", "data": {"text": "test 8"}, "type": "paragraph"}], "version": "2.31.0-rc.7"}	2025-03-05 17:11:59.272753-08	1	'1741223516217':4B '2.31.0':16B '8':2A,12B 'block':5B 'data':9B 'id':6B 'lq':8B 'paragraph':14B 'rc.7':17B 'rhf3w5q':7B 'test':1A,11B 'text':10B 'time':3B 'type':13B 'version':15B
98	test 9	{"time": 1741223535238, "blocks": [{"id": "HpOsQ7Ssb-", "data": {"text": "test 9"}, "type": "paragraph"}], "version": "2.31.0-rc.7"}	2025-03-05 17:12:20.808689-08	1	'1741223535238':4B '2.31.0':15B '9':2A,11B 'block':5B 'data':8B 'hposq7ssb':7B 'id':6B 'paragraph':13B 'rc.7':16B 'test':1A,10B 'text':9B 'time':3B 'type':12B 'version':14B
99	test 10	{"time": 1741223561893, "blocks": [{"id": "5Rte2JSl9U", "data": {"text": "test 10"}, "type": "paragraph"}], "version": "2.31.0-rc.7"}	2025-03-05 17:12:44.558038-08	1	'10':2A,11B '1741223561893':4B '2.31.0':15B '5rte2jsl9u':7B 'block':5B 'data':8B 'id':6B 'paragraph':13B 'rc.7':16B 'test':1A,10B 'text':9B 'time':3B 'type':12B 'version':14B
100	test 11	{"time": 1741223607704, "blocks": [{"id": "Dg5pmiHZpL", "data": {"text": "test 11"}, "type": "paragraph"}], "version": "2.31.0-rc.7"}	2025-03-05 17:13:29.747438-08	1	'11':2A,11B '1741223607704':4B '2.31.0':15B 'block':5B 'data':8B 'dg5pmihzpl':7B 'id':6B 'paragraph':13B 'rc.7':16B 'test':1A,10B 'text':9B 'time':3B 'type':12B 'version':14B
101	test 12	{"time": 1741223677200, "blocks": [{"id": "8w-Weix-Bf", "data": {"text": "test 12"}, "type": "paragraph"}], "version": "2.31.0-rc.7"}	2025-03-05 17:14:43.26306-08	1	'12':2A,14B '1741223677200':4B '2.31.0':18B '8w':8B '8w-weix-bf':7B 'bf':10B 'block':5B 'data':11B 'id':6B 'paragraph':16B 'rc.7':19B 'test':1A,13B 'text':12B 'time':3B 'type':15B 'version':17B 'weix':9B
102	test 13	{"time": 1741223721617, "blocks": [{"id": "hiX8fjYh6G", "data": {"text": "test 13"}, "type": "paragraph"}], "version": "2.31.0-rc.7"}	2025-03-05 17:15:23.305005-08	1	'13':2A,11B '1741223721617':4B '2.31.0':15B 'block':5B 'data':8B 'hix8fjyh6g':7B 'id':6B 'paragraph':13B 'rc.7':16B 'test':1A,10B 'text':9B 'time':3B 'type':12B 'version':14B
103	test 14	{"time": 1741223813254, "blocks": [{"id": "csEy3MInBs", "data": {"text": "test 14"}, "type": "paragraph"}], "version": "2.31.0-rc.7"}	2025-03-05 17:16:55.057121-08	1	'14':2A,11B '1741223813254':4B '2.31.0':15B 'block':5B 'csey3minbs':7B 'data':8B 'id':6B 'paragraph':13B 'rc.7':16B 'test':1A,10B 'text':9B 'time':3B 'type':12B 'version':14B
104	test 15	{"time": 1741223854592, "blocks": [{"id": "Ua745RTx9K", "data": {"text": "test 15"}, "type": "paragraph"}], "version": "2.31.0-rc.7"}	2025-03-05 17:17:39.342288-08	1	'15':2A,11B '1741223854592':4B '2.31.0':15B 'block':5B 'data':8B 'id':6B 'paragraph':13B 'rc.7':16B 'test':1A,10B 'text':9B 'time':3B 'type':12B 'ua745rtx9k':7B 'version':14B
105	test 16	{"time": 1741223888565, "blocks": [{"id": "qefYi9fpfI", "data": {"text": "test 16"}, "type": "paragraph"}], "version": "2.31.0-rc.7"}	2025-03-05 17:18:10.660332-08	1	'16':2A,11B '1741223888565':4B '2.31.0':15B 'block':5B 'data':8B 'id':6B 'paragraph':13B 'qefyi9fpfi':7B 'rc.7':16B 'test':1A,10B 'text':9B 'time':3B 'type':12B 'version':14B
106	test 17	{"time": 1741223929802, "blocks": [{"id": "UOTYCWp6BL", "data": {"text": "test 17"}, "type": "paragraph"}], "version": "2.31.0-rc.7"}	2025-03-05 17:18:51.989163-08	1	'17':2A,11B '1741223929802':4B '2.31.0':15B 'block':5B 'data':8B 'id':6B 'paragraph':13B 'rc.7':16B 'test':1A,10B 'text':9B 'time':3B 'type':12B 'uotycwp6bl':7B 'version':14B
107	test 18	{"time": 1741223990602, "blocks": [{"id": "KImoEDhX-c", "data": {"text": "test 18"}, "type": "paragraph"}], "version": "2.31.0-rc.7"}	2025-03-05 17:19:52.736506-08	1	'1741223990602':4B '18':2A,13B '2.31.0':17B 'block':5B 'c':9B 'data':10B 'id':6B 'kimoedhx':8B 'kimoedhx-c':7B 'paragraph':15B 'rc.7':18B 'test':1A,12B 'text':11B 'time':3B 'type':14B 'version':16B
108	test 19	{"time": 1741224035899, "blocks": [{"id": "PakplpXvu0", "data": {"text": "test 19"}, "type": "paragraph"}], "version": "2.31.0-rc.7"}	2025-03-05 17:20:39.843868-08	1	'1741224035899':4B '19':2A,11B '2.31.0':15B 'block':5B 'data':8B 'id':6B 'pakplpxvu0':7B 'paragraph':13B 'rc.7':16B 'test':1A,10B 'text':9B 'time':3B 'type':12B 'version':14B
109	TEST 20	{"time": 1741224087513, "blocks": [{"id": "O9qg4OLgXc", "data": {"text": "test 20"}, "type": "paragraph"}], "version": "2.31.0-rc.7"}	2025-03-05 17:21:30.123798-08	1	'1741224087513':4B '2.31.0':15B '20':2A,11B 'block':5B 'data':8B 'id':6B 'o9qg4olgxc':7B 'paragraph':13B 'rc.7':16B 'test':1A,10B 'text':9B 'time':3B 'type':12B 'version':14B
110	test	{"time": 1741282150991, "blocks": [{"id": "pKptRUjBS1", "data": {"text": "test <br>"}, "type": "paragraph"}], "version": "2.31.0-rc.7"}	2025-03-06 09:29:11.032581-08	1	'1741282150991':3B '2.31.0':13B 'block':4B 'data':7B 'id':5B 'paragraph':11B 'pkptrujbs1':6B 'rc.7':14B 'test':1A,9B 'text':8B 'time':2B 'type':10B 'version':12B
111	test	{"time": 1741282441434, "blocks": [{"id": "KJGvrmBoJ2", "data": {"text": "test <br>"}, "type": "paragraph"}], "version": "2.31.0-rc.7"}	2025-03-06 09:34:01.471723-08	1	'1741282441434':3B '2.31.0':13B 'block':4B 'data':7B 'id':5B 'kjgvrmboj2':6B 'paragraph':11B 'rc.7':14B 'test':1A,9B 'text':8B 'time':2B 'type':10B 'version':12B
112	test 2	{"time": 1741285063201, "blocks": [{"id": "5hXaDvFjj7", "data": {"text": "test 2"}, "type": "paragraph"}], "version": "2.31.0-rc.7"}	2025-03-06 10:17:43.257019-08	1	'1741285063201':4B '2':2A,11B '2.31.0':15B '5hxadvfjj7':7B 'block':5B 'data':8B 'id':6B 'paragraph':13B 'rc.7':16B 'test':1A,10B 'text':9B 'time':3B 'type':12B 'version':14B
113	test	{"time": 1741285911549, "blocks": [{"id": "Jto4a1qymt", "data": {"text": "test <br>"}, "type": "paragraph"}], "version": "2.31.0-rc.7"}	2025-03-06 10:31:51.581648-08	1	'1741285911549':3B '2.31.0':13B 'block':4B 'data':7B 'id':5B 'jto4a1qymt':6B 'paragraph':11B 'rc.7':14B 'test':1A,9B 'text':8B 'time':2B 'type':10B 'version':12B
114	test	{"time": 1741285966787, "blocks": [{"id": "FKDaG6OFLA", "data": {"text": "test <br>"}, "type": "paragraph"}], "version": "2.31.0-rc.7"}	2025-03-06 10:32:46.820968-08	1	'1741285966787':3B '2.31.0':13B 'block':4B 'data':7B 'fkdag6ofla':6B 'id':5B 'paragraph':11B 'rc.7':14B 'test':1A,9B 'text':8B 'time':2B 'type':10B 'version':12B
115	test	{"time": 1741285966981, "blocks": [{"id": "FKDaG6OFLA", "data": {"text": "test <br>"}, "type": "paragraph"}], "version": "2.31.0-rc.7"}	2025-03-06 10:32:47.008538-08	1	'1741285966981':3B '2.31.0':13B 'block':4B 'data':7B 'fkdag6ofla':6B 'id':5B 'paragraph':11B 'rc.7':14B 'test':1A,9B 'text':8B 'time':2B 'type':10B 'version':12B
116	test	{"time": 1741285967128, "blocks": [{"id": "FKDaG6OFLA", "data": {"text": "test <br>"}, "type": "paragraph"}], "version": "2.31.0-rc.7"}	2025-03-06 10:32:47.143203-08	1	'1741285967128':3B '2.31.0':13B 'block':4B 'data':7B 'fkdag6ofla':6B 'id':5B 'paragraph':11B 'rc.7':14B 'test':1A,9B 'text':8B 'time':2B 'type':10B 'version':12B
117	test	{"time": 1741285967265, "blocks": [{"id": "FKDaG6OFLA", "data": {"text": "test <br>"}, "type": "paragraph"}], "version": "2.31.0-rc.7"}	2025-03-06 10:32:47.292536-08	1	'1741285967265':3B '2.31.0':13B 'block':4B 'data':7B 'fkdag6ofla':6B 'id':5B 'paragraph':11B 'rc.7':14B 'test':1A,9B 'text':8B 'time':2B 'type':10B 'version':12B
118	test	{"time": 1741286347825, "blocks": [{"id": "KFfslEZyCH", "data": {"text": "test <br>"}, "type": "paragraph"}], "version": "2.31.0-rc.7"}	2025-03-06 10:39:07.853549-08	1	'1741286347825':3B '2.31.0':13B 'block':4B 'data':7B 'id':5B 'kffslezych':6B 'paragraph':11B 'rc.7':14B 'test':1A,9B 'text':8B 'time':2B 'type':10B 'version':12B
119	test	{"time": 1741286385074, "blocks": [{"id": "DDM4gfZm3G", "data": {"text": "test <br>"}, "type": "paragraph"}], "version": "2.31.0-rc.7"}	2025-03-06 10:39:45.103061-08	1	'1741286385074':3B '2.31.0':13B 'block':4B 'data':7B 'ddm4gfzm3g':6B 'id':5B 'paragraph':11B 'rc.7':14B 'test':1A,9B 'text':8B 'time':2B 'type':10B 'version':12B
120	test	{"time": 1741286429577, "blocks": [{"id": "ojFvnQfcEe", "data": {"text": "test <br>"}, "type": "paragraph"}], "version": "2.31.0-rc.7"}	2025-03-06 10:40:29.61447-08	1	'1741286429577':3B '2.31.0':13B 'block':4B 'data':7B 'id':5B 'ojfvnqfce':6B 'paragraph':11B 'rc.7':14B 'test':1A,9B 'text':8B 'time':2B 'type':10B 'version':12B
121	test	{"time": 1741286674553, "blocks": [{"id": "GC97DOoSB_", "data": {"text": "test <br>"}, "type": "paragraph"}], "version": "2.31.0-rc.7"}	2025-03-06 10:44:34.587285-08	1	'1741286674553':3B '2.31.0':13B 'block':4B 'data':7B 'gc97doosb':6B 'id':5B 'paragraph':11B 'rc.7':14B 'test':1A,9B 'text':8B 'time':2B 'type':10B 'version':12B
122	test	{"time": 1741327436461, "blocks": [{"id": "M2G_Oev4fn", "data": {"text": "test <br>"}, "type": "paragraph"}], "version": "2.31.0-rc.7"}	2025-03-06 22:03:56.490907-08	1	'1741327436461':3B '2.31.0':14B 'block':4B 'data':8B 'id':5B 'm2g':6B 'oev4fn':7B 'paragraph':12B 'rc.7':15B 'test':1A,10B 'text':9B 'time':2B 'type':11B 'version':13B
123	test	{"time": 1741327489222, "blocks": [{"id": "UAJuBnQXpB", "data": {"text": "test <br>"}, "type": "paragraph"}], "version": "2.31.0-rc.7"}	2025-03-06 22:04:49.251509-08	1	'1741327489222':3B '2.31.0':13B 'block':4B 'data':7B 'id':5B 'paragraph':11B 'rc.7':14B 'test':1A,9B 'text':8B 'time':2B 'type':10B 'uajubnqxpb':6B 'version':12B
124	test	{"time": 1741327658456, "blocks": [{"id": "LQew_u9EN7", "data": {"text": "test <br>"}, "type": "paragraph"}], "version": "2.31.0-rc.7"}	2025-03-06 22:07:38.485174-08	1	'1741327658456':3B '2.31.0':14B 'block':4B 'data':8B 'id':5B 'lqew':6B 'paragraph':12B 'rc.7':15B 'test':1A,10B 'text':9B 'time':2B 'type':11B 'u9en7':7B 'version':13B
125	test	{"time": 1741327713221, "blocks": [{"id": "33wC3nx0C7", "data": {"text": "est <br>"}, "type": "paragraph"}], "version": "2.31.0-rc.7"}	2025-03-06 22:08:33.255374-08	1	'1741327713221':3B '2.31.0':13B '33wc3nx0c7':6B 'block':4B 'data':7B 'est':9B 'id':5B 'paragraph':11B 'rc.7':14B 'test':1A 'text':8B 'time':2B 'type':10B 'version':12B
126	test	""	2025-03-06 22:10:15.4671-08	1	'test':1A
\.


--
-- Data for Name: forum_post_courses; Type: TABLE DATA; Schema: public; Owner: superuser
--

COPY public.forum_post_courses (id, post_id, course_id) FROM stdin;
1	111	1
2	112	1
3	112	2
4	113	1
5	114	1
6	115	1
7	116	1
8	117	1
9	118	1
10	119	1
11	120	1
12	121	1
13	122	1
14	123	1
15	124	1
16	125	1
17	126	1
\.


--
-- Data for Name: forum_post_related_courses; Type: TABLE DATA; Schema: public; Owner: superuser
--

COPY public.forum_post_related_courses (id, post_id, course_id) FROM stdin;
\.


--
-- Data for Name: forum_post_tags; Type: TABLE DATA; Schema: public; Owner: superuser
--

COPY public.forum_post_tags (id, post_id, tag_id) FROM stdin;
\.


--
-- Data for Name: forum_savedpost; Type: TABLE DATA; Schema: public; Owner: superuser
--

COPY public.forum_savedpost (id, saved_at, post_id, user_id) FROM stdin;
\.


--
-- Data for Name: forum_solution; Type: TABLE DATA; Schema: public; Owner: superuser
--

COPY public.forum_solution (id, content, created_at, author_id, post_id, upvotes, downvotes) FROM stdin;
26	{'time': 1741105982762, 'blocks': [{'id': 'GPB4IpgTOe', 'type': 'paragraph', 'data': {'text': 'Give up <br>'}}], 'version': '2.31.0-rc.7'}	2025-03-04 08:33:02.822303-08	1	83	1	0
27	{'time': 1741325796108, 'blocks': [{'id': 'Rjv6zjc7vM', 'type': 'paragraph', 'data': {'text': 'test <br>'}}], 'version': '2.31.0-rc.7'}	2025-03-06 21:36:36.144326-08	1	121	0	0
28	{'time': 1741412712865, 'blocks': [{'id': 'W_3ZJo6f7v', 'type': 'paragraph', 'data': {'text': 'tet'}}], 'version': '2.31.0-rc.7'}	2025-03-07 21:45:12.90875-08	1	126	0	0
\.


--
-- Data for Name: forum_solutiondownvote; Type: TABLE DATA; Schema: public; Owner: superuser
--

COPY public.forum_solutiondownvote (id, solution_id, user_id) FROM stdin;
\.


--
-- Data for Name: forum_solutionupvote; Type: TABLE DATA; Schema: public; Owner: superuser
--

COPY public.forum_solutionupvote (id, solution_id, user_id) FROM stdin;
13	26	1
\.


--
-- Data for Name: forum_tag; Type: TABLE DATA; Schema: public; Owner: superuser
--

COPY public.forum_tag (id, name) FROM stdin;
1	Physics 11
2	Physics 12
3	Chemistry 11
4	AP Calculus BC
5	Math 9/10
6	20th Century World History
\.


--
-- Data for Name: forum_usercourseexperience; Type: TABLE DATA; Schema: public; Owner: superuser
--

COPY public.forum_usercourseexperience (id, created_at, course_id, user_id) FROM stdin;
3	2025-03-05 16:44:20.13556-08	1	1
\.


--
-- Data for Name: forum_usercoursehelp; Type: TABLE DATA; Schema: public; Owner: superuser
--

COPY public.forum_usercoursehelp (id, active, created_at, course_id, user_id) FROM stdin;
2	t	2025-03-07 21:41:52.89796-08	1	1
\.


--
-- Data for Name: forum_userprofile; Type: TABLE DATA; Schema: public; Owner: superuser
--

COPY public.forum_userprofile (id, bio, points, is_moderator, created_at, updated_at, user_id) FROM stdin;
1		0	f	2025-03-02 21:33:57.197803-08	2025-03-06 15:03:49.096509-08	1
\.


--
-- Name: auth_group_id_seq; Type: SEQUENCE SET; Schema: public; Owner: superuser
--

SELECT pg_catalog.setval('public.auth_group_id_seq', 1, false);


--
-- Name: auth_group_permissions_id_seq; Type: SEQUENCE SET; Schema: public; Owner: superuser
--

SELECT pg_catalog.setval('public.auth_group_permissions_id_seq', 1, false);


--
-- Name: auth_permission_id_seq; Type: SEQUENCE SET; Schema: public; Owner: superuser
--

SELECT pg_catalog.setval('public.auth_permission_id_seq', 92, true);


--
-- Name: auth_user_groups_id_seq; Type: SEQUENCE SET; Schema: public; Owner: superuser
--

SELECT pg_catalog.setval('public.auth_user_groups_id_seq', 1, false);


--
-- Name: auth_user_id_seq; Type: SEQUENCE SET; Schema: public; Owner: superuser
--

SELECT pg_catalog.setval('public.auth_user_id_seq', 1, true);


--
-- Name: auth_user_user_permissions_id_seq; Type: SEQUENCE SET; Schema: public; Owner: superuser
--

SELECT pg_catalog.setval('public.auth_user_user_permissions_id_seq', 1, false);


--
-- Name: django_admin_log_id_seq; Type: SEQUENCE SET; Schema: public; Owner: superuser
--

SELECT pg_catalog.setval('public.django_admin_log_id_seq', 89, true);


--
-- Name: django_content_type_id_seq; Type: SEQUENCE SET; Schema: public; Owner: superuser
--

SELECT pg_catalog.setval('public.django_content_type_id_seq', 23, true);


--
-- Name: django_migrations_id_seq; Type: SEQUENCE SET; Schema: public; Owner: superuser
--

SELECT pg_catalog.setval('public.django_migrations_id_seq', 51, true);


--
-- Name: forum_comment_id_seq; Type: SEQUENCE SET; Schema: public; Owner: superuser
--

SELECT pg_catalog.setval('public.forum_comment_id_seq', 1, false);


--
-- Name: forum_commentupvote_id_seq; Type: SEQUENCE SET; Schema: public; Owner: superuser
--

SELECT pg_catalog.setval('public.forum_commentupvote_id_seq', 1, false);


--
-- Name: forum_course_id_seq; Type: SEQUENCE SET; Schema: public; Owner: superuser
--

SELECT pg_catalog.setval('public.forum_course_id_seq', 2, true);


--
-- Name: forum_file_id_seq; Type: SEQUENCE SET; Schema: public; Owner: superuser
--

SELECT pg_catalog.setval('public.forum_file_id_seq', 28, true);


--
-- Name: forum_notification_id_seq; Type: SEQUENCE SET; Schema: public; Owner: superuser
--

SELECT pg_catalog.setval('public.forum_notification_id_seq', 2, true);


--
-- Name: forum_post_courses_id_seq; Type: SEQUENCE SET; Schema: public; Owner: superuser
--

SELECT pg_catalog.setval('public.forum_post_courses_id_seq', 17, true);


--
-- Name: forum_post_id_seq; Type: SEQUENCE SET; Schema: public; Owner: superuser
--

SELECT pg_catalog.setval('public.forum_post_id_seq', 126, true);


--
-- Name: forum_post_related_courses_id_seq; Type: SEQUENCE SET; Schema: public; Owner: superuser
--

SELECT pg_catalog.setval('public.forum_post_related_courses_id_seq', 1, false);


--
-- Name: forum_post_tags_id_seq; Type: SEQUENCE SET; Schema: public; Owner: superuser
--

SELECT pg_catalog.setval('public.forum_post_tags_id_seq', 2, true);


--
-- Name: forum_savedpost_id_seq; Type: SEQUENCE SET; Schema: public; Owner: superuser
--

SELECT pg_catalog.setval('public.forum_savedpost_id_seq', 4, true);


--
-- Name: forum_solution_id_seq; Type: SEQUENCE SET; Schema: public; Owner: superuser
--

SELECT pg_catalog.setval('public.forum_solution_id_seq', 28, true);


--
-- Name: forum_solutiondownvote_id_seq; Type: SEQUENCE SET; Schema: public; Owner: superuser
--

SELECT pg_catalog.setval('public.forum_solutiondownvote_id_seq', 8, true);


--
-- Name: forum_solutionupvote_id_seq; Type: SEQUENCE SET; Schema: public; Owner: superuser
--

SELECT pg_catalog.setval('public.forum_solutionupvote_id_seq', 13, true);


--
-- Name: forum_tag_id_seq; Type: SEQUENCE SET; Schema: public; Owner: superuser
--

SELECT pg_catalog.setval('public.forum_tag_id_seq', 6, true);


--
-- Name: forum_usercourseexperience_id_seq; Type: SEQUENCE SET; Schema: public; Owner: superuser
--

SELECT pg_catalog.setval('public.forum_usercourseexperience_id_seq', 3, true);


--
-- Name: forum_usercoursehelp_id_seq; Type: SEQUENCE SET; Schema: public; Owner: superuser
--

SELECT pg_catalog.setval('public.forum_usercoursehelp_id_seq', 2, true);


--
-- Name: forum_userprofile_id_seq; Type: SEQUENCE SET; Schema: public; Owner: superuser
--

SELECT pg_catalog.setval('public.forum_userprofile_id_seq', 1, true);


--
-- Name: auth_group auth_group_name_key; Type: CONSTRAINT; Schema: public; Owner: superuser
--

ALTER TABLE ONLY public.auth_group
    ADD CONSTRAINT auth_group_name_key UNIQUE (name);


--
-- Name: auth_group_permissions auth_group_permissions_group_id_permission_id_0cd325b0_uniq; Type: CONSTRAINT; Schema: public; Owner: superuser
--

ALTER TABLE ONLY public.auth_group_permissions
    ADD CONSTRAINT auth_group_permissions_group_id_permission_id_0cd325b0_uniq UNIQUE (group_id, permission_id);


--
-- Name: auth_group_permissions auth_group_permissions_pkey; Type: CONSTRAINT; Schema: public; Owner: superuser
--

ALTER TABLE ONLY public.auth_group_permissions
    ADD CONSTRAINT auth_group_permissions_pkey PRIMARY KEY (id);


--
-- Name: auth_group auth_group_pkey; Type: CONSTRAINT; Schema: public; Owner: superuser
--

ALTER TABLE ONLY public.auth_group
    ADD CONSTRAINT auth_group_pkey PRIMARY KEY (id);


--
-- Name: auth_permission auth_permission_content_type_id_codename_01ab375a_uniq; Type: CONSTRAINT; Schema: public; Owner: superuser
--

ALTER TABLE ONLY public.auth_permission
    ADD CONSTRAINT auth_permission_content_type_id_codename_01ab375a_uniq UNIQUE (content_type_id, codename);


--
-- Name: auth_permission auth_permission_pkey; Type: CONSTRAINT; Schema: public; Owner: superuser
--

ALTER TABLE ONLY public.auth_permission
    ADD CONSTRAINT auth_permission_pkey PRIMARY KEY (id);


--
-- Name: auth_user_groups auth_user_groups_pkey; Type: CONSTRAINT; Schema: public; Owner: superuser
--

ALTER TABLE ONLY public.auth_user_groups
    ADD CONSTRAINT auth_user_groups_pkey PRIMARY KEY (id);


--
-- Name: auth_user_groups auth_user_groups_user_id_group_id_94350c0c_uniq; Type: CONSTRAINT; Schema: public; Owner: superuser
--

ALTER TABLE ONLY public.auth_user_groups
    ADD CONSTRAINT auth_user_groups_user_id_group_id_94350c0c_uniq UNIQUE (user_id, group_id);


--
-- Name: auth_user auth_user_pkey; Type: CONSTRAINT; Schema: public; Owner: superuser
--

ALTER TABLE ONLY public.auth_user
    ADD CONSTRAINT auth_user_pkey PRIMARY KEY (id);


--
-- Name: auth_user_user_permissions auth_user_user_permissions_pkey; Type: CONSTRAINT; Schema: public; Owner: superuser
--

ALTER TABLE ONLY public.auth_user_user_permissions
    ADD CONSTRAINT auth_user_user_permissions_pkey PRIMARY KEY (id);


--
-- Name: auth_user_user_permissions auth_user_user_permissions_user_id_permission_id_14a6b632_uniq; Type: CONSTRAINT; Schema: public; Owner: superuser
--

ALTER TABLE ONLY public.auth_user_user_permissions
    ADD CONSTRAINT auth_user_user_permissions_user_id_permission_id_14a6b632_uniq UNIQUE (user_id, permission_id);


--
-- Name: auth_user auth_user_username_key; Type: CONSTRAINT; Schema: public; Owner: superuser
--

ALTER TABLE ONLY public.auth_user
    ADD CONSTRAINT auth_user_username_key UNIQUE (username);


--
-- Name: django_admin_log django_admin_log_pkey; Type: CONSTRAINT; Schema: public; Owner: superuser
--

ALTER TABLE ONLY public.django_admin_log
    ADD CONSTRAINT django_admin_log_pkey PRIMARY KEY (id);


--
-- Name: django_content_type django_content_type_app_label_model_76bd3d3b_uniq; Type: CONSTRAINT; Schema: public; Owner: superuser
--

ALTER TABLE ONLY public.django_content_type
    ADD CONSTRAINT django_content_type_app_label_model_76bd3d3b_uniq UNIQUE (app_label, model);


--
-- Name: django_content_type django_content_type_pkey; Type: CONSTRAINT; Schema: public; Owner: superuser
--

ALTER TABLE ONLY public.django_content_type
    ADD CONSTRAINT django_content_type_pkey PRIMARY KEY (id);


--
-- Name: django_drf_filepond_storedupload django_drf_filepond_storedupload_pkey; Type: CONSTRAINT; Schema: public; Owner: superuser
--

ALTER TABLE ONLY public.django_drf_filepond_storedupload
    ADD CONSTRAINT django_drf_filepond_storedupload_pkey PRIMARY KEY (upload_id);


--
-- Name: django_drf_filepond_temporaryupload django_drf_filepond_temporaryupload_pkey; Type: CONSTRAINT; Schema: public; Owner: superuser
--

ALTER TABLE ONLY public.django_drf_filepond_temporaryupload
    ADD CONSTRAINT django_drf_filepond_temporaryupload_pkey PRIMARY KEY (upload_id);


--
-- Name: django_drf_filepond_temporaryuploadchunked django_drf_filepond_temporaryuploadchunked_pkey; Type: CONSTRAINT; Schema: public; Owner: superuser
--

ALTER TABLE ONLY public.django_drf_filepond_temporaryuploadchunked
    ADD CONSTRAINT django_drf_filepond_temporaryuploadchunked_pkey PRIMARY KEY (upload_id);


--
-- Name: django_migrations django_migrations_pkey; Type: CONSTRAINT; Schema: public; Owner: superuser
--

ALTER TABLE ONLY public.django_migrations
    ADD CONSTRAINT django_migrations_pkey PRIMARY KEY (id);


--
-- Name: django_session django_session_pkey; Type: CONSTRAINT; Schema: public; Owner: superuser
--

ALTER TABLE ONLY public.django_session
    ADD CONSTRAINT django_session_pkey PRIMARY KEY (session_key);


--
-- Name: forum_comment forum_comment_pkey; Type: CONSTRAINT; Schema: public; Owner: superuser
--

ALTER TABLE ONLY public.forum_comment
    ADD CONSTRAINT forum_comment_pkey PRIMARY KEY (id);


--
-- Name: forum_commentupvote forum_commentupvote_comment_id_user_id_9a46b23c_uniq; Type: CONSTRAINT; Schema: public; Owner: superuser
--

ALTER TABLE ONLY public.forum_commentupvote
    ADD CONSTRAINT forum_commentupvote_comment_id_user_id_9a46b23c_uniq UNIQUE (comment_id, user_id);


--
-- Name: forum_commentupvote forum_commentupvote_pkey; Type: CONSTRAINT; Schema: public; Owner: superuser
--

ALTER TABLE ONLY public.forum_commentupvote
    ADD CONSTRAINT forum_commentupvote_pkey PRIMARY KEY (id);


--
-- Name: forum_course forum_course_code_key; Type: CONSTRAINT; Schema: public; Owner: superuser
--

ALTER TABLE ONLY public.forum_course
    ADD CONSTRAINT forum_course_code_key UNIQUE (code);


--
-- Name: forum_course forum_course_pkey; Type: CONSTRAINT; Schema: public; Owner: superuser
--

ALTER TABLE ONLY public.forum_course
    ADD CONSTRAINT forum_course_pkey PRIMARY KEY (id);


--
-- Name: forum_file forum_file_pkey; Type: CONSTRAINT; Schema: public; Owner: superuser
--

ALTER TABLE ONLY public.forum_file
    ADD CONSTRAINT forum_file_pkey PRIMARY KEY (id);


--
-- Name: forum_notification forum_notification_pkey; Type: CONSTRAINT; Schema: public; Owner: superuser
--

ALTER TABLE ONLY public.forum_notification
    ADD CONSTRAINT forum_notification_pkey PRIMARY KEY (id);


--
-- Name: forum_post_courses forum_post_courses_pkey; Type: CONSTRAINT; Schema: public; Owner: superuser
--

ALTER TABLE ONLY public.forum_post_courses
    ADD CONSTRAINT forum_post_courses_pkey PRIMARY KEY (id);


--
-- Name: forum_post_courses forum_post_courses_post_id_course_id_1b39d70a_uniq; Type: CONSTRAINT; Schema: public; Owner: superuser
--

ALTER TABLE ONLY public.forum_post_courses
    ADD CONSTRAINT forum_post_courses_post_id_course_id_1b39d70a_uniq UNIQUE (post_id, course_id);


--
-- Name: forum_post forum_post_pkey; Type: CONSTRAINT; Schema: public; Owner: superuser
--

ALTER TABLE ONLY public.forum_post
    ADD CONSTRAINT forum_post_pkey PRIMARY KEY (id);


--
-- Name: forum_post_related_courses forum_post_related_courses_pkey; Type: CONSTRAINT; Schema: public; Owner: superuser
--

ALTER TABLE ONLY public.forum_post_related_courses
    ADD CONSTRAINT forum_post_related_courses_pkey PRIMARY KEY (id);


--
-- Name: forum_post_related_courses forum_post_related_courses_post_id_course_id_686772c1_uniq; Type: CONSTRAINT; Schema: public; Owner: superuser
--

ALTER TABLE ONLY public.forum_post_related_courses
    ADD CONSTRAINT forum_post_related_courses_post_id_course_id_686772c1_uniq UNIQUE (post_id, course_id);


--
-- Name: forum_post_tags forum_post_tags_pkey; Type: CONSTRAINT; Schema: public; Owner: superuser
--

ALTER TABLE ONLY public.forum_post_tags
    ADD CONSTRAINT forum_post_tags_pkey PRIMARY KEY (id);


--
-- Name: forum_post_tags forum_post_tags_post_id_tag_id_507521d9_uniq; Type: CONSTRAINT; Schema: public; Owner: superuser
--

ALTER TABLE ONLY public.forum_post_tags
    ADD CONSTRAINT forum_post_tags_post_id_tag_id_507521d9_uniq UNIQUE (post_id, tag_id);


--
-- Name: forum_savedpost forum_savedpost_pkey; Type: CONSTRAINT; Schema: public; Owner: superuser
--

ALTER TABLE ONLY public.forum_savedpost
    ADD CONSTRAINT forum_savedpost_pkey PRIMARY KEY (id);


--
-- Name: forum_savedpost forum_savedpost_user_id_post_id_84c7113e_uniq; Type: CONSTRAINT; Schema: public; Owner: superuser
--

ALTER TABLE ONLY public.forum_savedpost
    ADD CONSTRAINT forum_savedpost_user_id_post_id_84c7113e_uniq UNIQUE (user_id, post_id);


--
-- Name: forum_solution forum_solution_pkey; Type: CONSTRAINT; Schema: public; Owner: superuser
--

ALTER TABLE ONLY public.forum_solution
    ADD CONSTRAINT forum_solution_pkey PRIMARY KEY (id);


--
-- Name: forum_solutiondownvote forum_solutiondownvote_pkey; Type: CONSTRAINT; Schema: public; Owner: superuser
--

ALTER TABLE ONLY public.forum_solutiondownvote
    ADD CONSTRAINT forum_solutiondownvote_pkey PRIMARY KEY (id);


--
-- Name: forum_solutiondownvote forum_solutiondownvote_solution_id_user_id_40272ff0_uniq; Type: CONSTRAINT; Schema: public; Owner: superuser
--

ALTER TABLE ONLY public.forum_solutiondownvote
    ADD CONSTRAINT forum_solutiondownvote_solution_id_user_id_40272ff0_uniq UNIQUE (solution_id, user_id);


--
-- Name: forum_solutionupvote forum_solutionupvote_pkey; Type: CONSTRAINT; Schema: public; Owner: superuser
--

ALTER TABLE ONLY public.forum_solutionupvote
    ADD CONSTRAINT forum_solutionupvote_pkey PRIMARY KEY (id);


--
-- Name: forum_solutionupvote forum_solutionupvote_solution_id_user_id_72d7107e_uniq; Type: CONSTRAINT; Schema: public; Owner: superuser
--

ALTER TABLE ONLY public.forum_solutionupvote
    ADD CONSTRAINT forum_solutionupvote_solution_id_user_id_72d7107e_uniq UNIQUE (solution_id, user_id);


--
-- Name: forum_tag forum_tag_name_key; Type: CONSTRAINT; Schema: public; Owner: superuser
--

ALTER TABLE ONLY public.forum_tag
    ADD CONSTRAINT forum_tag_name_key UNIQUE (name);


--
-- Name: forum_tag forum_tag_pkey; Type: CONSTRAINT; Schema: public; Owner: superuser
--

ALTER TABLE ONLY public.forum_tag
    ADD CONSTRAINT forum_tag_pkey PRIMARY KEY (id);


--
-- Name: forum_usercourseexperience forum_usercourseexperience_pkey; Type: CONSTRAINT; Schema: public; Owner: superuser
--

ALTER TABLE ONLY public.forum_usercourseexperience
    ADD CONSTRAINT forum_usercourseexperience_pkey PRIMARY KEY (id);


--
-- Name: forum_usercourseexperience forum_usercourseexperience_user_id_course_id_b13fe2a6_uniq; Type: CONSTRAINT; Schema: public; Owner: superuser
--

ALTER TABLE ONLY public.forum_usercourseexperience
    ADD CONSTRAINT forum_usercourseexperience_user_id_course_id_b13fe2a6_uniq UNIQUE (user_id, course_id);


--
-- Name: forum_usercoursehelp forum_usercoursehelp_pkey; Type: CONSTRAINT; Schema: public; Owner: superuser
--

ALTER TABLE ONLY public.forum_usercoursehelp
    ADD CONSTRAINT forum_usercoursehelp_pkey PRIMARY KEY (id);


--
-- Name: forum_usercoursehelp forum_usercoursehelp_user_id_course_id_4c0c542c_uniq; Type: CONSTRAINT; Schema: public; Owner: superuser
--

ALTER TABLE ONLY public.forum_usercoursehelp
    ADD CONSTRAINT forum_usercoursehelp_user_id_course_id_4c0c542c_uniq UNIQUE (user_id, course_id);


--
-- Name: forum_userprofile forum_userprofile_pkey; Type: CONSTRAINT; Schema: public; Owner: superuser
--

ALTER TABLE ONLY public.forum_userprofile
    ADD CONSTRAINT forum_userprofile_pkey PRIMARY KEY (id);


--
-- Name: forum_userprofile forum_userprofile_user_id_key; Type: CONSTRAINT; Schema: public; Owner: superuser
--

ALTER TABLE ONLY public.forum_userprofile
    ADD CONSTRAINT forum_userprofile_user_id_key UNIQUE (user_id);


--
-- Name: auth_group_name_a6ea08ec_like; Type: INDEX; Schema: public; Owner: superuser
--

CREATE INDEX auth_group_name_a6ea08ec_like ON public.auth_group USING btree (name varchar_pattern_ops);


--
-- Name: auth_group_permissions_group_id_b120cbf9; Type: INDEX; Schema: public; Owner: superuser
--

CREATE INDEX auth_group_permissions_group_id_b120cbf9 ON public.auth_group_permissions USING btree (group_id);


--
-- Name: auth_group_permissions_permission_id_84c5c92e; Type: INDEX; Schema: public; Owner: superuser
--

CREATE INDEX auth_group_permissions_permission_id_84c5c92e ON public.auth_group_permissions USING btree (permission_id);


--
-- Name: auth_permission_content_type_id_2f476e4b; Type: INDEX; Schema: public; Owner: superuser
--

CREATE INDEX auth_permission_content_type_id_2f476e4b ON public.auth_permission USING btree (content_type_id);


--
-- Name: auth_user_groups_group_id_97559544; Type: INDEX; Schema: public; Owner: superuser
--

CREATE INDEX auth_user_groups_group_id_97559544 ON public.auth_user_groups USING btree (group_id);


--
-- Name: auth_user_groups_user_id_6a12ed8b; Type: INDEX; Schema: public; Owner: superuser
--

CREATE INDEX auth_user_groups_user_id_6a12ed8b ON public.auth_user_groups USING btree (user_id);


--
-- Name: auth_user_user_permissions_permission_id_1fbb5f2c; Type: INDEX; Schema: public; Owner: superuser
--

CREATE INDEX auth_user_user_permissions_permission_id_1fbb5f2c ON public.auth_user_user_permissions USING btree (permission_id);


--
-- Name: auth_user_user_permissions_user_id_a95ead1b; Type: INDEX; Schema: public; Owner: superuser
--

CREATE INDEX auth_user_user_permissions_user_id_a95ead1b ON public.auth_user_user_permissions USING btree (user_id);


--
-- Name: auth_user_username_6821ab7c_like; Type: INDEX; Schema: public; Owner: superuser
--

CREATE INDEX auth_user_username_6821ab7c_like ON public.auth_user USING btree (username varchar_pattern_ops);


--
-- Name: django_admin_log_content_type_id_c4bce8eb; Type: INDEX; Schema: public; Owner: superuser
--

CREATE INDEX django_admin_log_content_type_id_c4bce8eb ON public.django_admin_log USING btree (content_type_id);


--
-- Name: django_admin_log_user_id_c564eba6; Type: INDEX; Schema: public; Owner: superuser
--

CREATE INDEX django_admin_log_user_id_c564eba6 ON public.django_admin_log USING btree (user_id);


--
-- Name: django_drf_filepond_storedupload_upload_id_5f5cc700_like; Type: INDEX; Schema: public; Owner: superuser
--

CREATE INDEX django_drf_filepond_storedupload_upload_id_5f5cc700_like ON public.django_drf_filepond_storedupload USING btree (upload_id varchar_pattern_ops);


--
-- Name: django_drf_filepond_storedupload_uploaded_by_id_46b45efc; Type: INDEX; Schema: public; Owner: superuser
--

CREATE INDEX django_drf_filepond_storedupload_uploaded_by_id_46b45efc ON public.django_drf_filepond_storedupload USING btree (uploaded_by_id);


--
-- Name: django_drf_filepond_temp_upload_id_80084036_like; Type: INDEX; Schema: public; Owner: superuser
--

CREATE INDEX django_drf_filepond_temp_upload_id_80084036_like ON public.django_drf_filepond_temporaryuploadchunked USING btree (upload_id varchar_pattern_ops);


--
-- Name: django_drf_filepond_tempor_uploaded_by_id_bb03ce82; Type: INDEX; Schema: public; Owner: superuser
--

CREATE INDEX django_drf_filepond_tempor_uploaded_by_id_bb03ce82 ON public.django_drf_filepond_temporaryuploadchunked USING btree (uploaded_by_id);


--
-- Name: django_drf_filepond_temporaryupload_file_id_fe58df98_like; Type: INDEX; Schema: public; Owner: superuser
--

CREATE INDEX django_drf_filepond_temporaryupload_file_id_fe58df98_like ON public.django_drf_filepond_temporaryupload USING btree (upload_id varchar_pattern_ops);


--
-- Name: django_drf_filepond_temporaryupload_uploaded_by_id_dcb4e7c5; Type: INDEX; Schema: public; Owner: superuser
--

CREATE INDEX django_drf_filepond_temporaryupload_uploaded_by_id_dcb4e7c5 ON public.django_drf_filepond_temporaryupload USING btree (uploaded_by_id);


--
-- Name: django_session_expire_date_a5c62663; Type: INDEX; Schema: public; Owner: superuser
--

CREATE INDEX django_session_expire_date_a5c62663 ON public.django_session USING btree (expire_date);


--
-- Name: django_session_session_key_c0390e0f_like; Type: INDEX; Schema: public; Owner: superuser
--

CREATE INDEX django_session_session_key_c0390e0f_like ON public.django_session USING btree (session_key varchar_pattern_ops);


--
-- Name: forum_comment_author_id_9e60eecd; Type: INDEX; Schema: public; Owner: superuser
--

CREATE INDEX forum_comment_author_id_9e60eecd ON public.forum_comment USING btree (author_id);


--
-- Name: forum_comment_solution_id_42e68d59; Type: INDEX; Schema: public; Owner: superuser
--

CREATE INDEX forum_comment_solution_id_42e68d59 ON public.forum_comment USING btree (solution_id);


--
-- Name: forum_commentupvote_comment_id_418da5ea; Type: INDEX; Schema: public; Owner: superuser
--

CREATE INDEX forum_commentupvote_comment_id_418da5ea ON public.forum_commentupvote USING btree (comment_id);


--
-- Name: forum_commentupvote_user_id_a0383efe; Type: INDEX; Schema: public; Owner: superuser
--

CREATE INDEX forum_commentupvote_user_id_a0383efe ON public.forum_commentupvote USING btree (user_id);


--
-- Name: forum_course_code_c04f7e8f_like; Type: INDEX; Schema: public; Owner: superuser
--

CREATE INDEX forum_course_code_c04f7e8f_like ON public.forum_course USING btree (code varchar_pattern_ops);


--
-- Name: forum_file_post_id_24d4fdca; Type: INDEX; Schema: public; Owner: superuser
--

CREATE INDEX forum_file_post_id_24d4fdca ON public.forum_file USING btree (post_id);


--
-- Name: forum_notification_post_id_2cc74c40; Type: INDEX; Schema: public; Owner: superuser
--

CREATE INDEX forum_notification_post_id_2cc74c40 ON public.forum_notification USING btree (post_id);


--
-- Name: forum_notification_recipient_id_4a73d922; Type: INDEX; Schema: public; Owner: superuser
--

CREATE INDEX forum_notification_recipient_id_4a73d922 ON public.forum_notification USING btree (recipient_id);


--
-- Name: forum_notification_sender_id_21387523; Type: INDEX; Schema: public; Owner: superuser
--

CREATE INDEX forum_notification_sender_id_21387523 ON public.forum_notification USING btree (sender_id);


--
-- Name: forum_notification_solution_id_a82b6c2e; Type: INDEX; Schema: public; Owner: superuser
--

CREATE INDEX forum_notification_solution_id_a82b6c2e ON public.forum_notification USING btree (solution_id);


--
-- Name: forum_post_author_id_609b7963; Type: INDEX; Schema: public; Owner: superuser
--

CREATE INDEX forum_post_author_id_609b7963 ON public.forum_post USING btree (author_id);


--
-- Name: forum_post_courses_course_id_1142194c; Type: INDEX; Schema: public; Owner: superuser
--

CREATE INDEX forum_post_courses_course_id_1142194c ON public.forum_post_courses USING btree (course_id);


--
-- Name: forum_post_courses_post_id_2a3a595c; Type: INDEX; Schema: public; Owner: superuser
--

CREATE INDEX forum_post_courses_post_id_2a3a595c ON public.forum_post_courses USING btree (post_id);


--
-- Name: forum_post_related_courses_course_id_b81d8b03; Type: INDEX; Schema: public; Owner: superuser
--

CREATE INDEX forum_post_related_courses_course_id_b81d8b03 ON public.forum_post_related_courses USING btree (course_id);


--
-- Name: forum_post_related_courses_post_id_bbdbd574; Type: INDEX; Schema: public; Owner: superuser
--

CREATE INDEX forum_post_related_courses_post_id_bbdbd574 ON public.forum_post_related_courses USING btree (post_id);


--
-- Name: forum_post_tags_post_id_e73359c8; Type: INDEX; Schema: public; Owner: superuser
--

CREATE INDEX forum_post_tags_post_id_e73359c8 ON public.forum_post_tags USING btree (post_id);


--
-- Name: forum_post_tags_tag_id_c1772c43; Type: INDEX; Schema: public; Owner: superuser
--

CREATE INDEX forum_post_tags_tag_id_c1772c43 ON public.forum_post_tags USING btree (tag_id);


--
-- Name: forum_savedpost_post_id_dadcaead; Type: INDEX; Schema: public; Owner: superuser
--

CREATE INDEX forum_savedpost_post_id_dadcaead ON public.forum_savedpost USING btree (post_id);


--
-- Name: forum_savedpost_user_id_5546f0ab; Type: INDEX; Schema: public; Owner: superuser
--

CREATE INDEX forum_savedpost_user_id_5546f0ab ON public.forum_savedpost USING btree (user_id);


--
-- Name: forum_solution_author_id_1dc68652; Type: INDEX; Schema: public; Owner: superuser
--

CREATE INDEX forum_solution_author_id_1dc68652 ON public.forum_solution USING btree (author_id);


--
-- Name: forum_solution_post_id_907b51ae; Type: INDEX; Schema: public; Owner: superuser
--

CREATE INDEX forum_solution_post_id_907b51ae ON public.forum_solution USING btree (post_id);


--
-- Name: forum_solutiondownvote_solution_id_0b049d7f; Type: INDEX; Schema: public; Owner: superuser
--

CREATE INDEX forum_solutiondownvote_solution_id_0b049d7f ON public.forum_solutiondownvote USING btree (solution_id);


--
-- Name: forum_solutiondownvote_user_id_5bfa693c; Type: INDEX; Schema: public; Owner: superuser
--

CREATE INDEX forum_solutiondownvote_user_id_5bfa693c ON public.forum_solutiondownvote USING btree (user_id);


--
-- Name: forum_solutionupvote_solution_id_3bb195f9; Type: INDEX; Schema: public; Owner: superuser
--

CREATE INDEX forum_solutionupvote_solution_id_3bb195f9 ON public.forum_solutionupvote USING btree (solution_id);


--
-- Name: forum_solutionupvote_user_id_9b8a5fee; Type: INDEX; Schema: public; Owner: superuser
--

CREATE INDEX forum_solutionupvote_user_id_9b8a5fee ON public.forum_solutionupvote USING btree (user_id);


--
-- Name: forum_tag_name_c245b17c_like; Type: INDEX; Schema: public; Owner: superuser
--

CREATE INDEX forum_tag_name_c245b17c_like ON public.forum_tag USING btree (name varchar_pattern_ops);


--
-- Name: forum_usercourseexperience_course_id_77fed651; Type: INDEX; Schema: public; Owner: superuser
--

CREATE INDEX forum_usercourseexperience_course_id_77fed651 ON public.forum_usercourseexperience USING btree (course_id);


--
-- Name: forum_usercourseexperience_user_id_c08b0ca7; Type: INDEX; Schema: public; Owner: superuser
--

CREATE INDEX forum_usercourseexperience_user_id_c08b0ca7 ON public.forum_usercourseexperience USING btree (user_id);


--
-- Name: forum_usercoursehelp_course_id_a30537d4; Type: INDEX; Schema: public; Owner: superuser
--

CREATE INDEX forum_usercoursehelp_course_id_a30537d4 ON public.forum_usercoursehelp USING btree (course_id);


--
-- Name: forum_usercoursehelp_user_id_148518db; Type: INDEX; Schema: public; Owner: superuser
--

CREATE INDEX forum_usercoursehelp_user_id_148518db ON public.forum_usercoursehelp USING btree (user_id);


--
-- Name: auth_group_permissions auth_group_permissio_permission_id_84c5c92e_fk_auth_perm; Type: FK CONSTRAINT; Schema: public; Owner: superuser
--

ALTER TABLE ONLY public.auth_group_permissions
    ADD CONSTRAINT auth_group_permissio_permission_id_84c5c92e_fk_auth_perm FOREIGN KEY (permission_id) REFERENCES public.auth_permission(id) DEFERRABLE INITIALLY DEFERRED;


--
-- Name: auth_group_permissions auth_group_permissions_group_id_b120cbf9_fk_auth_group_id; Type: FK CONSTRAINT; Schema: public; Owner: superuser
--

ALTER TABLE ONLY public.auth_group_permissions
    ADD CONSTRAINT auth_group_permissions_group_id_b120cbf9_fk_auth_group_id FOREIGN KEY (group_id) REFERENCES public.auth_group(id) DEFERRABLE INITIALLY DEFERRED;


--
-- Name: auth_permission auth_permission_content_type_id_2f476e4b_fk_django_co; Type: FK CONSTRAINT; Schema: public; Owner: superuser
--

ALTER TABLE ONLY public.auth_permission
    ADD CONSTRAINT auth_permission_content_type_id_2f476e4b_fk_django_co FOREIGN KEY (content_type_id) REFERENCES public.django_content_type(id) DEFERRABLE INITIALLY DEFERRED;


--
-- Name: auth_user_groups auth_user_groups_group_id_97559544_fk_auth_group_id; Type: FK CONSTRAINT; Schema: public; Owner: superuser
--

ALTER TABLE ONLY public.auth_user_groups
    ADD CONSTRAINT auth_user_groups_group_id_97559544_fk_auth_group_id FOREIGN KEY (group_id) REFERENCES public.auth_group(id) DEFERRABLE INITIALLY DEFERRED;


--
-- Name: auth_user_groups auth_user_groups_user_id_6a12ed8b_fk_auth_user_id; Type: FK CONSTRAINT; Schema: public; Owner: superuser
--

ALTER TABLE ONLY public.auth_user_groups
    ADD CONSTRAINT auth_user_groups_user_id_6a12ed8b_fk_auth_user_id FOREIGN KEY (user_id) REFERENCES public.auth_user(id) DEFERRABLE INITIALLY DEFERRED;


--
-- Name: auth_user_user_permissions auth_user_user_permi_permission_id_1fbb5f2c_fk_auth_perm; Type: FK CONSTRAINT; Schema: public; Owner: superuser
--

ALTER TABLE ONLY public.auth_user_user_permissions
    ADD CONSTRAINT auth_user_user_permi_permission_id_1fbb5f2c_fk_auth_perm FOREIGN KEY (permission_id) REFERENCES public.auth_permission(id) DEFERRABLE INITIALLY DEFERRED;


--
-- Name: auth_user_user_permissions auth_user_user_permissions_user_id_a95ead1b_fk_auth_user_id; Type: FK CONSTRAINT; Schema: public; Owner: superuser
--

ALTER TABLE ONLY public.auth_user_user_permissions
    ADD CONSTRAINT auth_user_user_permissions_user_id_a95ead1b_fk_auth_user_id FOREIGN KEY (user_id) REFERENCES public.auth_user(id) DEFERRABLE INITIALLY DEFERRED;


--
-- Name: django_admin_log django_admin_log_content_type_id_c4bce8eb_fk_django_co; Type: FK CONSTRAINT; Schema: public; Owner: superuser
--

ALTER TABLE ONLY public.django_admin_log
    ADD CONSTRAINT django_admin_log_content_type_id_c4bce8eb_fk_django_co FOREIGN KEY (content_type_id) REFERENCES public.django_content_type(id) DEFERRABLE INITIALLY DEFERRED;


--
-- Name: django_admin_log django_admin_log_user_id_c564eba6_fk_auth_user_id; Type: FK CONSTRAINT; Schema: public; Owner: superuser
--

ALTER TABLE ONLY public.django_admin_log
    ADD CONSTRAINT django_admin_log_user_id_c564eba6_fk_auth_user_id FOREIGN KEY (user_id) REFERENCES public.auth_user(id) DEFERRABLE INITIALLY DEFERRED;


--
-- Name: django_drf_filepond_storedupload django_drf_filepond__uploaded_by_id_46b45efc_fk_auth_user; Type: FK CONSTRAINT; Schema: public; Owner: superuser
--

ALTER TABLE ONLY public.django_drf_filepond_storedupload
    ADD CONSTRAINT django_drf_filepond__uploaded_by_id_46b45efc_fk_auth_user FOREIGN KEY (uploaded_by_id) REFERENCES public.auth_user(id) DEFERRABLE INITIALLY DEFERRED;


--
-- Name: django_drf_filepond_temporaryuploadchunked django_drf_filepond__uploaded_by_id_bb03ce82_fk_auth_user; Type: FK CONSTRAINT; Schema: public; Owner: superuser
--

ALTER TABLE ONLY public.django_drf_filepond_temporaryuploadchunked
    ADD CONSTRAINT django_drf_filepond__uploaded_by_id_bb03ce82_fk_auth_user FOREIGN KEY (uploaded_by_id) REFERENCES public.auth_user(id) DEFERRABLE INITIALLY DEFERRED;


--
-- Name: django_drf_filepond_temporaryupload django_drf_filepond__uploaded_by_id_dcb4e7c5_fk_auth_user; Type: FK CONSTRAINT; Schema: public; Owner: superuser
--

ALTER TABLE ONLY public.django_drf_filepond_temporaryupload
    ADD CONSTRAINT django_drf_filepond__uploaded_by_id_dcb4e7c5_fk_auth_user FOREIGN KEY (uploaded_by_id) REFERENCES public.auth_user(id) DEFERRABLE INITIALLY DEFERRED;


--
-- Name: forum_comment forum_comment_author_id_9e60eecd_fk_auth_user_id; Type: FK CONSTRAINT; Schema: public; Owner: superuser
--

ALTER TABLE ONLY public.forum_comment
    ADD CONSTRAINT forum_comment_author_id_9e60eecd_fk_auth_user_id FOREIGN KEY (author_id) REFERENCES public.auth_user(id) DEFERRABLE INITIALLY DEFERRED;


--
-- Name: forum_comment forum_comment_solution_id_42e68d59_fk_forum_solution_id; Type: FK CONSTRAINT; Schema: public; Owner: superuser
--

ALTER TABLE ONLY public.forum_comment
    ADD CONSTRAINT forum_comment_solution_id_42e68d59_fk_forum_solution_id FOREIGN KEY (solution_id) REFERENCES public.forum_solution(id) DEFERRABLE INITIALLY DEFERRED;


--
-- Name: forum_commentupvote forum_commentupvote_comment_id_418da5ea_fk_forum_comment_id; Type: FK CONSTRAINT; Schema: public; Owner: superuser
--

ALTER TABLE ONLY public.forum_commentupvote
    ADD CONSTRAINT forum_commentupvote_comment_id_418da5ea_fk_forum_comment_id FOREIGN KEY (comment_id) REFERENCES public.forum_comment(id) DEFERRABLE INITIALLY DEFERRED;


--
-- Name: forum_commentupvote forum_commentupvote_user_id_a0383efe_fk_auth_user_id; Type: FK CONSTRAINT; Schema: public; Owner: superuser
--

ALTER TABLE ONLY public.forum_commentupvote
    ADD CONSTRAINT forum_commentupvote_user_id_a0383efe_fk_auth_user_id FOREIGN KEY (user_id) REFERENCES public.auth_user(id) DEFERRABLE INITIALLY DEFERRED;


--
-- Name: forum_file forum_file_post_id_24d4fdca_fk_forum_post_id; Type: FK CONSTRAINT; Schema: public; Owner: superuser
--

ALTER TABLE ONLY public.forum_file
    ADD CONSTRAINT forum_file_post_id_24d4fdca_fk_forum_post_id FOREIGN KEY (post_id) REFERENCES public.forum_post(id) DEFERRABLE INITIALLY DEFERRED;


--
-- Name: forum_notification forum_notification_post_id_2cc74c40_fk_forum_post_id; Type: FK CONSTRAINT; Schema: public; Owner: superuser
--

ALTER TABLE ONLY public.forum_notification
    ADD CONSTRAINT forum_notification_post_id_2cc74c40_fk_forum_post_id FOREIGN KEY (post_id) REFERENCES public.forum_post(id) DEFERRABLE INITIALLY DEFERRED;


--
-- Name: forum_notification forum_notification_recipient_id_4a73d922_fk_auth_user_id; Type: FK CONSTRAINT; Schema: public; Owner: superuser
--

ALTER TABLE ONLY public.forum_notification
    ADD CONSTRAINT forum_notification_recipient_id_4a73d922_fk_auth_user_id FOREIGN KEY (recipient_id) REFERENCES public.auth_user(id) DEFERRABLE INITIALLY DEFERRED;


--
-- Name: forum_notification forum_notification_sender_id_21387523_fk_auth_user_id; Type: FK CONSTRAINT; Schema: public; Owner: superuser
--

ALTER TABLE ONLY public.forum_notification
    ADD CONSTRAINT forum_notification_sender_id_21387523_fk_auth_user_id FOREIGN KEY (sender_id) REFERENCES public.auth_user(id) DEFERRABLE INITIALLY DEFERRED;


--
-- Name: forum_notification forum_notification_solution_id_a82b6c2e_fk_forum_solution_id; Type: FK CONSTRAINT; Schema: public; Owner: superuser
--

ALTER TABLE ONLY public.forum_notification
    ADD CONSTRAINT forum_notification_solution_id_a82b6c2e_fk_forum_solution_id FOREIGN KEY (solution_id) REFERENCES public.forum_solution(id) DEFERRABLE INITIALLY DEFERRED;


--
-- Name: forum_post forum_post_author_id_609b7963_fk_auth_user_id; Type: FK CONSTRAINT; Schema: public; Owner: superuser
--

ALTER TABLE ONLY public.forum_post
    ADD CONSTRAINT forum_post_author_id_609b7963_fk_auth_user_id FOREIGN KEY (author_id) REFERENCES public.auth_user(id) DEFERRABLE INITIALLY DEFERRED;


--
-- Name: forum_post_courses forum_post_courses_course_id_1142194c_fk_forum_course_id; Type: FK CONSTRAINT; Schema: public; Owner: superuser
--

ALTER TABLE ONLY public.forum_post_courses
    ADD CONSTRAINT forum_post_courses_course_id_1142194c_fk_forum_course_id FOREIGN KEY (course_id) REFERENCES public.forum_course(id) DEFERRABLE INITIALLY DEFERRED;


--
-- Name: forum_post_courses forum_post_courses_post_id_2a3a595c_fk_forum_post_id; Type: FK CONSTRAINT; Schema: public; Owner: superuser
--

ALTER TABLE ONLY public.forum_post_courses
    ADD CONSTRAINT forum_post_courses_post_id_2a3a595c_fk_forum_post_id FOREIGN KEY (post_id) REFERENCES public.forum_post(id) DEFERRABLE INITIALLY DEFERRED;


--
-- Name: forum_post_related_courses forum_post_related_c_course_id_b81d8b03_fk_forum_cou; Type: FK CONSTRAINT; Schema: public; Owner: superuser
--

ALTER TABLE ONLY public.forum_post_related_courses
    ADD CONSTRAINT forum_post_related_c_course_id_b81d8b03_fk_forum_cou FOREIGN KEY (course_id) REFERENCES public.forum_course(id) DEFERRABLE INITIALLY DEFERRED;


--
-- Name: forum_post_related_courses forum_post_related_courses_post_id_bbdbd574_fk_forum_post_id; Type: FK CONSTRAINT; Schema: public; Owner: superuser
--

ALTER TABLE ONLY public.forum_post_related_courses
    ADD CONSTRAINT forum_post_related_courses_post_id_bbdbd574_fk_forum_post_id FOREIGN KEY (post_id) REFERENCES public.forum_post(id) DEFERRABLE INITIALLY DEFERRED;


--
-- Name: forum_post_tags forum_post_tags_post_id_e73359c8_fk_forum_post_id; Type: FK CONSTRAINT; Schema: public; Owner: superuser
--

ALTER TABLE ONLY public.forum_post_tags
    ADD CONSTRAINT forum_post_tags_post_id_e73359c8_fk_forum_post_id FOREIGN KEY (post_id) REFERENCES public.forum_post(id) DEFERRABLE INITIALLY DEFERRED;


--
-- Name: forum_post_tags forum_post_tags_tag_id_c1772c43_fk_forum_tag_id; Type: FK CONSTRAINT; Schema: public; Owner: superuser
--

ALTER TABLE ONLY public.forum_post_tags
    ADD CONSTRAINT forum_post_tags_tag_id_c1772c43_fk_forum_tag_id FOREIGN KEY (tag_id) REFERENCES public.forum_tag(id) DEFERRABLE INITIALLY DEFERRED;


--
-- Name: forum_savedpost forum_savedpost_post_id_dadcaead_fk_forum_post_id; Type: FK CONSTRAINT; Schema: public; Owner: superuser
--

ALTER TABLE ONLY public.forum_savedpost
    ADD CONSTRAINT forum_savedpost_post_id_dadcaead_fk_forum_post_id FOREIGN KEY (post_id) REFERENCES public.forum_post(id) DEFERRABLE INITIALLY DEFERRED;


--
-- Name: forum_savedpost forum_savedpost_user_id_5546f0ab_fk_auth_user_id; Type: FK CONSTRAINT; Schema: public; Owner: superuser
--

ALTER TABLE ONLY public.forum_savedpost
    ADD CONSTRAINT forum_savedpost_user_id_5546f0ab_fk_auth_user_id FOREIGN KEY (user_id) REFERENCES public.auth_user(id) DEFERRABLE INITIALLY DEFERRED;


--
-- Name: forum_solution forum_solution_author_id_1dc68652_fk_auth_user_id; Type: FK CONSTRAINT; Schema: public; Owner: superuser
--

ALTER TABLE ONLY public.forum_solution
    ADD CONSTRAINT forum_solution_author_id_1dc68652_fk_auth_user_id FOREIGN KEY (author_id) REFERENCES public.auth_user(id) DEFERRABLE INITIALLY DEFERRED;


--
-- Name: forum_solution forum_solution_post_id_907b51ae_fk_forum_post_id; Type: FK CONSTRAINT; Schema: public; Owner: superuser
--

ALTER TABLE ONLY public.forum_solution
    ADD CONSTRAINT forum_solution_post_id_907b51ae_fk_forum_post_id FOREIGN KEY (post_id) REFERENCES public.forum_post(id) DEFERRABLE INITIALLY DEFERRED;


--
-- Name: forum_solutiondownvote forum_solutiondownvo_solution_id_0b049d7f_fk_forum_sol; Type: FK CONSTRAINT; Schema: public; Owner: superuser
--

ALTER TABLE ONLY public.forum_solutiondownvote
    ADD CONSTRAINT forum_solutiondownvo_solution_id_0b049d7f_fk_forum_sol FOREIGN KEY (solution_id) REFERENCES public.forum_solution(id) DEFERRABLE INITIALLY DEFERRED;


--
-- Name: forum_solutiondownvote forum_solutiondownvote_user_id_5bfa693c_fk_auth_user_id; Type: FK CONSTRAINT; Schema: public; Owner: superuser
--

ALTER TABLE ONLY public.forum_solutiondownvote
    ADD CONSTRAINT forum_solutiondownvote_user_id_5bfa693c_fk_auth_user_id FOREIGN KEY (user_id) REFERENCES public.auth_user(id) DEFERRABLE INITIALLY DEFERRED;


--
-- Name: forum_solutionupvote forum_solutionupvote_solution_id_3bb195f9_fk_forum_solution_id; Type: FK CONSTRAINT; Schema: public; Owner: superuser
--

ALTER TABLE ONLY public.forum_solutionupvote
    ADD CONSTRAINT forum_solutionupvote_solution_id_3bb195f9_fk_forum_solution_id FOREIGN KEY (solution_id) REFERENCES public.forum_solution(id) DEFERRABLE INITIALLY DEFERRED;


--
-- Name: forum_solutionupvote forum_solutionupvote_user_id_9b8a5fee_fk_auth_user_id; Type: FK CONSTRAINT; Schema: public; Owner: superuser
--

ALTER TABLE ONLY public.forum_solutionupvote
    ADD CONSTRAINT forum_solutionupvote_user_id_9b8a5fee_fk_auth_user_id FOREIGN KEY (user_id) REFERENCES public.auth_user(id) DEFERRABLE INITIALLY DEFERRED;


--
-- Name: forum_usercourseexperience forum_usercourseexpe_course_id_77fed651_fk_forum_cou; Type: FK CONSTRAINT; Schema: public; Owner: superuser
--

ALTER TABLE ONLY public.forum_usercourseexperience
    ADD CONSTRAINT forum_usercourseexpe_course_id_77fed651_fk_forum_cou FOREIGN KEY (course_id) REFERENCES public.forum_course(id) DEFERRABLE INITIALLY DEFERRED;


--
-- Name: forum_usercourseexperience forum_usercourseexperience_user_id_c08b0ca7_fk_auth_user_id; Type: FK CONSTRAINT; Schema: public; Owner: superuser
--

ALTER TABLE ONLY public.forum_usercourseexperience
    ADD CONSTRAINT forum_usercourseexperience_user_id_c08b0ca7_fk_auth_user_id FOREIGN KEY (user_id) REFERENCES public.auth_user(id) DEFERRABLE INITIALLY DEFERRED;


--
-- Name: forum_usercoursehelp forum_usercoursehelp_course_id_a30537d4_fk_forum_course_id; Type: FK CONSTRAINT; Schema: public; Owner: superuser
--

ALTER TABLE ONLY public.forum_usercoursehelp
    ADD CONSTRAINT forum_usercoursehelp_course_id_a30537d4_fk_forum_course_id FOREIGN KEY (course_id) REFERENCES public.forum_course(id) DEFERRABLE INITIALLY DEFERRED;


--
-- Name: forum_usercoursehelp forum_usercoursehelp_user_id_148518db_fk_auth_user_id; Type: FK CONSTRAINT; Schema: public; Owner: superuser
--

ALTER TABLE ONLY public.forum_usercoursehelp
    ADD CONSTRAINT forum_usercoursehelp_user_id_148518db_fk_auth_user_id FOREIGN KEY (user_id) REFERENCES public.auth_user(id) DEFERRABLE INITIALLY DEFERRED;


--
-- Name: forum_userprofile forum_userprofile_user_id_daa52e78_fk_auth_user_id; Type: FK CONSTRAINT; Schema: public; Owner: superuser
--

ALTER TABLE ONLY public.forum_userprofile
    ADD CONSTRAINT forum_userprofile_user_id_daa52e78_fk_auth_user_id FOREIGN KEY (user_id) REFERENCES public.auth_user(id) DEFERRABLE INITIALLY DEFERRED;


--
-- PostgreSQL database dump complete
--

